 Why Australia needs to become a secular republic,Why Australia needs to become a secular republic,Max Wallace,"Tue, 14 Sep 2021 12:00:00 +1000"
 AUDIO EXCLUSIVE: The Sun Rises interviews the United Australia Party,AUDIO EXCLUSIVE: The Sun Rises interviews the United Australia Party,David Donovan,"Mon, 13 Sep 2021 17:00:00 +1000"
 'Dobber King' Tony Abbott doesn't care for being dobbed upon,'Dobber King' Tony Abbott doesn't care for being dobbed upon,Andrew P Street,"Tue, 14 Sep 2021 08:00:00 +1000"
 Scott Morrison's religious delusions are dangerous,Scott Morrison's religious delusions are dangerous,George Grundy,"Fri, 02 Jul 2021 08:00:00 +1000"
" Morrison, Finlay and a tame – but not Tame enough – Women’s Summit","Morrison, Finlay and a tame – but not Tame enough – Women’s Summit",Michelle Pini,"Thu, 09 Sep 2021 08:00:00 +1000"
" Like the U.S., Australians angry about COVID mismanagement","Like the U.S., Australians angry about COVID mismanagement",Sue Arnold,"Mon, 13 Sep 2021 16:00:00 +1000"
" Rules around travel exemptions unclear, stranding Australians","Rules around travel exemptions unclear, stranding Australians",Lina Li,"Mon, 13 Sep 2021 12:00:00 +1000"
 Morrison Government sets more 'worst ever' economic records,Morrison Government sets more 'worst ever' economic records,Alan Austin,"Mon, 13 Sep 2021 08:00:00 +1000"
 Melbourne: It's a shame about the name,Melbourne: It's a shame about the name,GJ Burchall,"Sun, 12 Sep 2021 17:00:00 +1000"
 IA BOOK CLUB: Chris Bowen's 'Labor People',IA BOOK CLUB: Chris Bowen's 'Labor People',Craig Minns,"Sun, 12 Sep 2021 13:00:00 +1000"
 Publishers lose High Court appeal in Dylan Voller defamation case,Publishers lose High Court appeal in Dylan Voller defamation case,Martin Hirst,"Sun, 12 Sep 2021 09:00:00 +1000"
 A reflection of decades of failed U.S. national security policy,A reflection of decades of failed U.S. national security policy,Katrina vanden Heuvel,"Sat, 11 Sep 2021 16:00:00 +1000"
 Scott Morrison's Father's Day hypocrisy,Scott Morrison's Father's Day hypocrisy,Hannah Thomas,"Sat, 11 Sep 2021 12:00:00 +1000"
 How the anti-lockdown fundraising machine keeps running,How the anti-lockdown fundraising machine keeps running,Tom Tanuki,"Sat, 11 Sep 2021 08:00:00 +1000"
 Politicians still refuse to take action on climate disaster,Politicians still refuse to take action on climate disaster,Sonali Kolhatkar,"Fri, 10 Sep 2021 16:00:00 +1000"
 WHAT'S ON: Turning Point: 9/11 and the War on Terror — inside America's failure,WHAT'S ON: Turning Point: 9/11 and the War on Terror — inside America's failure,Dan Jensen,"Fri, 10 Sep 2021 12:00:00 +1000"
 CARTOONS: Mark David is running his own race,CARTOONS: Mark David is running his own race,Mark David,"Fri, 10 Sep 2021 10:00:00 +1000"
 Coalition responsible for the demise of Australia's Family Court,Coalition responsible for the demise of Australia's Family Court,Graham Perrett,"Fri, 10 Sep 2021 08:00:00 +1000"
 Australia's first anti-corruption party: FIN is now official,Australia's first anti-corruption party: FIN is now official,Ross Jones,"Thu, 09 Sep 2021 17:00:00 +1000"
 A betrayal of farmers: The Nationals are lackeys for coal,A betrayal of farmers: The Nationals are lackeys for coal,David Paull,"Thu, 09 Sep 2021 16:00:00 +1000"
 The Nationals and Murdoch media support nuclear power ahead of COP26,The Nationals and Murdoch media support nuclear power ahead of COP26,Noel Wauchope,"Thu, 09 Sep 2021 12:00:00 +1000"
 Flashback 2017: Matthew Guy and the 'mafia': Top five Liberal Party wise-Guys,Flashback 2017: Matthew Guy and the 'mafia': Top five Liberal Party wise-Guys,David Donovan,"Wed, 08 Sep 2021 17:30:00 +1000"
 Governments to blame for vaccine confusion,Governments to blame for vaccine confusion,Sue Arnold,"Wed, 08 Sep 2021 16:00:00 +1000"
 Flashback 2018: The bad Guys,Flashback 2018: The bad Guys,David Donovan,"Tue, 07 Sep 2021 17:00:00 +1000"
 Scott Morrison has destroyed Australia's humanity,Scott Morrison has destroyed Australia's humanity,Rosalind Fuller,"Wed, 08 Sep 2021 12:00:00 +1000"
 The Liberal Government doesn't care if you die,The Liberal Government doesn't care if you die,Jennifer Wilson,"Tue, 07 Sep 2021 08:00:00 +1000"
 Government wants NBN Co to focus on the money,Government wants NBN Co to focus on the money,Paul Budde,"Wed, 08 Sep 2021 08:00:00 +1000"
 COVID-19 saving AAT from burgeoning backlogs,COVID-19 saving AAT from burgeoning backlogs,Abul Rizvi,"Tue, 07 Sep 2021 16:00:00 +1000"
 Clive Palmer's UAP membership may be an offer you can't refuse,Clive Palmer's UAP membership may be an offer you can't refuse,Ross Jones,"Mon, 06 Sep 2021 16:30:00 +1000"
" Afghanistan, ‘anarchy’ and confecting a China threat","Afghanistan, ‘anarchy’ and confecting a China threat",William Briggs,"Tue, 07 Sep 2021 12:00:00 +1000"
 Murdoch and the big Australian lie,Murdoch and the big Australian lie,David Donovan and Michelle Pini,"Thu, 02 Sep 2021 16:00:00 +1000"
 Media bias for Berejiklian and against Andrews is clear,Media bias for Berejiklian and against Andrews is clear,Victoria Fielding,"Mon, 06 Sep 2021 16:00:00 +1000"
 Gladys boasts about how her Government is teaching us to 'live with COVID',Gladys boasts about how her Government is teaching us to 'live with COVID',Rocky Dabscheck,"Mon, 06 Sep 2021 12:00:00 +1000"
 Frydenberg dubiously claims Australia’s lagging economy ‘leads the pack’,Frydenberg dubiously claims Australia’s lagging economy ‘leads the pack’,Alan Austin,"Mon, 06 Sep 2021 08:00:00 +1000"
 IA Book Club: The Shortest History of War,IA Book Club: The Shortest History of War,Jim Kable,"Sun, 05 Sep 2021 17:00:00 +1000"
" Fire, floods and felonies: Relocation the only option for Rohingya","Fire, floods and felonies: Relocation the only option for Rohingya",Habibur Rahman,"Sun, 05 Sep 2021 12:00:00 +1000"
 First Nations Voice to Parliament: It's time to rethink democracy,First Nations Voice to Parliament: It's time to rethink democracy,Matthew Butera,"Sun, 05 Sep 2021 09:00:00 +1000"
 Richard Pusey: The ‘most hated man in Australia’ walks free,Richard Pusey: The ‘most hated man in Australia’ walks free,Elroy Rosenberg,"Sat, 04 Sep 2021 12:00:00 +1000"
 Help is needed for culturally diverse communities during pandemic,Help is needed for culturally diverse communities during pandemic,Sabrin Farooqui,"Sat, 04 Sep 2021 16:00:00 +1000"
 Texas abortion laws: A modern Handmaid's Tale,Texas abortion laws: A modern Handmaid's Tale,George Grundy,"Sat, 04 Sep 2021 08:00:00 +1000"
 WHAT'S ON: Nine Perfect Strangers — the truth shall set you free,WHAT'S ON: Nine Perfect Strangers — the truth shall set you free,Dan Jensen,"Fri, 03 Sep 2021 16:00:00 +1000"
 Afghanistan is a warning of global denialism,Afghanistan is a warning of global denialism,Robert Niven,"Fri, 03 Sep 2021 12:00:00 +1000"
 CARTOONS: Mark David is making promises,CARTOONS: Mark David is making promises,Mark David,"Fri, 03 Sep 2021 10:00:00 +1000"
 Class action may reform laws for the 'forgotten children',Class action may reform laws for the 'forgotten children',Gerry Georgatos,"Fri, 03 Sep 2021 08:00:00 +1000"
" Coal in China: The good, the bad and the ugly","Coal in China: The good, the bad and the ugly",John Quiggin,"Thu, 02 Sep 2021 12:00:00 +1000"
 Home Affairs delays visa processing while applications drop,Home Affairs delays visa processing while applications drop,Lina Li,"Thu, 02 Sep 2021 08:00:00 +1000"
 Agriculture Visas: Modern slavery continues,Agriculture Visas: Modern slavery continues,Abul Rizvi,"Wed, 01 Sep 2021 16:00:00 +1000"
 New koala recovery plan is just more political spin,New koala recovery plan is just more political spin,Sue Arnold,"Wed, 01 Sep 2021 12:00:00 +1000"
 Government still holding Australia back in global broadband ranking,Government still holding Australia back in global broadband ranking,Paul Budde,"Wed, 01 Sep 2021 08:00:00 +1000"
 Uniform resource rent tax for a better future,Uniform resource rent tax for a better future,Emma Dawson,"Tue, 31 Aug 2021 16:00:00 +1000"
 Climate crisis putting a billion children at ‘extremely high risk’,Climate crisis putting a billion children at ‘extremely high risk’,Reynard Loki,"Tue, 31 Aug 2021 12:00:00 +1000"
 Ningaloo natural beauty under threat if Woodside has its way,Ningaloo natural beauty under threat if Woodside has its way,Corinna Elaine,"Sun, 29 Aug 2021 13:00:00 +1000"
 Clive Palmer’s campaign will have a body count,Clive Palmer’s campaign will have a body count,Andrew P Street,"Tue, 31 Aug 2021 08:00:00 +1000"
 Wren's Week: Government negligence is dooming our nation,Wren's Week: Government negligence is dooming our nation,John Wren,"Mon, 30 Aug 2021 16:00:00 +1000"
 Picnics for the rich and curfews for the poor,Picnics for the rich and curfews for the poor,Davey Heller,"Mon, 30 Aug 2021 12:00:00 +1000"
 Corrupting democracy — we need to say &quot;FIN&quot;,Corrupting democracy — we need to say &amp;quot;FIN&amp;quot;,Ross Jones,"Thu, 26 Aug 2021 12:00:00 +1000"
 Morrison Government sets records in economic mismanagement,Morrison Government sets records in economic mismanagement,Alan Austin,"Mon, 30 Aug 2021 08:00:00 +1000"
 Charlie Watts: Farewell to the gentleman drummer,Charlie Watts: Farewell to the gentleman drummer,Jenny LeComte,"Sun, 29 Aug 2021 17:00:00 +1000"
 Scott Morrison's political motives have turned against him,Scott Morrison's political motives have turned against him,Matthew Butera,"Sat, 10 Apr 2021 16:30:00 +1000"
 Palmer's propaganda fodder for far-Right rebellion,Palmer's propaganda fodder for far-Right rebellion,David Paull,"Sun, 29 Aug 2021 09:00:00 +1000"
 Government and media misinformation making the pandemic tougher,Government and media misinformation making the pandemic tougher,Joel Jenkins,"Sat, 28 Aug 2021 16:00:00 +1000"
 Australian business needs a more sophisticated COVID-19 relief program,Australian business needs a more sophisticated COVID-19 relief program,Tom McCarthy,"Sat, 28 Aug 2021 12:00:00 +1000"
 The unreality of anti-lockdown activism,The unreality of anti-lockdown activism,Tom Tanuki,"Sat, 28 Aug 2021 08:00:00 +1000"
 WHAT'S ON: Candyman — more than just a horror film,WHAT'S ON: Candyman — more than just a horror film,Dan Jensen,"Fri, 27 Aug 2021 16:00:00 +1000"
 Rapid testing and viral mapping can help beat COVID-19,Rapid testing and viral mapping can help beat COVID-19,Kim Sawyer,"Fri, 27 Aug 2021 12:00:00 +1000"
 CARTOONS: The four phases of Mark David,CARTOONS: The four phases of Mark David,Mark David,"Fri, 27 Aug 2021 10:00:00 +1000"
 Canada’s aggressive plans for immigration post-COVID-19,Canada’s aggressive plans for immigration post-COVID-19,Abul Rizvi,"Fri, 27 Aug 2021 08:00:00 +1000"
 JOHN PILGER: How the U.S. ruined Afghanistan playing the 'great game',JOHN PILGER: How the U.S. ruined Afghanistan playing the 'great game',John Pilger,"Thu, 26 Aug 2021 17:00:00 +1000"
 Biden's Summit for Democracy an opportunity to attack China,Biden's Summit for Democracy an opportunity to attack China,William Briggs,"Thu, 26 Aug 2021 16:00:00 +1000"
 The debate around Australia's nation-building Inland Rail project,The debate around Australia's nation-building Inland Rail project,Craig Minns,"Thu, 26 Aug 2021 08:00:00 +1000"
 Government downplays COVID-19 case numbers to open up sooner,Government downplays COVID-19 case numbers to open up sooner,Jennifer Wilson,"Wed, 25 Aug 2021 16:00:00 +1000"
" From vaccines to Afghanistan, Scotty does nothing","From vaccines to Afghanistan, Scotty does nothing",Michelle Pini,"Thu, 19 Aug 2021 12:00:00 +1000"
 Multiple match thrillers set the tone for footy finals,Multiple match thrillers set the tone for footy finals,Ronny Lerner,"Wed, 25 Aug 2021 10:30:00 +1000"
 Bloody Idiot of the Week — Episode 23: Morrison and Dutton fight to the death,Bloody Idiot of the Week — Episode 23: Morrison and Dutton fight to the death,Dan Jensen,"Wed, 25 Aug 2021 12:00:00 +1000"
 The economic triumph of the Afghanistan war,The economic triumph of the Afghanistan war,George Grundy,"Wed, 25 Aug 2021 12:00:00 +1000"
 Using satellites in the fight against COVID-19,Using satellites in the fight against COVID-19,Paul Budde,"Wed, 25 Aug 2021 08:00:00 +1000"
 Freedom protesters and Craig Kelly central to Morrison’s re-election plan,Freedom protesters and Craig Kelly central to Morrison’s re-election plan,Martin Hirst,"Tue, 24 Aug 2021 16:00:00 +1000"
 The debt Australia owes the people of Afghanistan,The debt Australia owes the people of Afghanistan,Rashad Seedeen,"Tue, 24 Aug 2021 12:00:00 +1000"
 Frydenberg's revolving door,Frydenberg's revolving door,Anthony Klan,"Tue, 24 Aug 2021 08:00:00 +1000"
" Killing competition and a Federal ICAC, courtesy of the Coalition","Killing competition and a Federal ICAC, courtesy of the Coalition",Ross Jones,"Mon, 23 Aug 2021 17:00:00 +1000"
 Scott Morrison shielded by Murdoch protection racket,Scott Morrison shielded by Murdoch protection racket,Victoria Fielding,"Mon, 23 Aug 2021 16:00:00 +1000"
 NSW inquiry fails to expose Coalition's disastrous COVID decision-making,NSW inquiry fails to expose Coalition's disastrous COVID decision-making,Steve Bishop,"Mon, 23 Aug 2021 12:00:00 +1000"
 Morrison delivers for foreign corporations: Lowest wage rise on record,Morrison delivers for foreign corporations: Lowest wage rise on record,Alan Austin,"Mon, 23 Aug 2021 08:00:00 +1000"
 Students stiffed as universities cut courses to save money,Students stiffed as universities cut courses to save money,Eleanor Beidatsch,"Sun, 22 Aug 2021 17:00:00 +1000"
 Conspiracy theories continue to spread during COVID-19,Conspiracy theories continue to spread during COVID-19,Bilal Cleland,"Sun, 22 Aug 2021 13:00:00 +1000"
 Media makes light of Taliban terror,Media makes light of Taliban terror,Hadi Zaher,"Sun, 22 Aug 2021 09:00:00 +1000"
 Government has drained ABC of objectivity,Government has drained ABC of objectivity,Joel Jenkins,"Sat, 21 Aug 2021 12:00:00 +1000"
 The alt-Right: An era of misinformation incorporated,The alt-Right: An era of misinformation incorporated,David Paull,"Sat, 21 Aug 2021 08:00:00 +1000"
 WHAT'S ON: Respect — find out what it means,WHAT'S ON: Respect — find out what it means,Dan Jensen,"Fri, 20 Aug 2021 17:30:00 +1000"
 Scott Morrison is no supporter of great causes or freedom,Scott Morrison is no supporter of great causes or freedom,Peter Henning,"Fri, 20 Aug 2021 12:00:00 +1000"
 CARTOONS: Mark David's COVID response,CARTOONS: Mark David's COVID response,Mark David,"Fri, 20 Aug 2021 10:00:00 +1000"
 Border Force Commissioner's decisions are above the law,Border Force Commissioner's decisions are above the law,Lina Li,"Fri, 20 Aug 2021 08:00:00 +1000"
 Labor to lose progressive identity with small-target policies,Labor to lose progressive identity with small-target policies,John Quiggin,"Thu, 19 Aug 2021 16:00:00 +1000"
 Afghan women fear for their rights and safety as Taliban reclaims power,Afghan women fear for their rights and safety as Taliban reclaims power,Johanna Higgs,"Thu, 19 Aug 2021 08:00:00 +1000"
 Teenager steps up as AGL board nominee,Teenager steps up as AGL board nominee,David Ritter,"Thu, 19 Aug 2021 15:00:00 +1000"
 Peta Credlin's political opinions are worthless,Peta Credlin's political opinions are worthless,Alan Austin,"Wed, 18 Aug 2021 16:00:00 +1000"
 Australia must offer permanent protection to Afghan refugees now,Australia must offer permanent protection to Afghan refugees now,Claire Higgins,"Wed, 18 Aug 2021 12:00:00 +1000"
 U.S. Government keeps fighting  to extradite Julian Assange,U.S. Government keeps fighting  to extradite Julian Assange,Binoy Kampmark,"Mon, 16 Aug 2021 12:00:00 +1000"
 NBN Co hits revenue target after constant downward revision,NBN Co hits revenue target after constant downward revision,Paul Budde,"Wed, 18 Aug 2021 08:00:00 +1000"
 Home Affairs: Making money while migrants miss out,Home Affairs: Making money while migrants miss out,Lina Li,"Sun, 15 Aug 2021 17:00:00 +1000"
 The unanswered questions surrounding 9/11,The unanswered questions surrounding 9/11,George Grundy,"Tue, 14 Sep 2021 16:00:00 +1000"
 Flashback 2013: Leigh Salesperson interviews Dr Craig Emerson on ABC $7.30,Flashback 2013: Leigh Salesperson interviews Dr Craig Emerson on ABC $7.30,David Donovan,"Wed, 15 Sep 2021 17:00:00 +1000"
 'Honest' Christian Porter's mystery donation is totally not suspicious,'Honest' Christian Porter's mystery donation is totally not suspicious,Andrew P Street,"Wed, 15 Sep 2021 16:00:00 +1000"
 Emma Raducanu's rise to fame highlights dangers of media scrutiny,Emma Raducanu's rise to fame highlights dangers of media scrutiny,Hsin-Yi Lo,"Wed, 15 Sep 2021 12:00:00 +1000"
 Autonomous vehicle services: The future has a long and winding road,Autonomous vehicle services: The future has a long and winding road,Paul Budde,"Wed, 15 Sep 2021 08:00:00 +1000"
" Sales, Gillard and the 'Left-leaning Twitter' bully","Sales, Gillard and the 'Left-leaning Twitter' bully",Michelle Pini,"Thu, 16 Sep 2021 07:30:00 +1000"
 Corporate 'greenwashing' a major obstacle in climate change fight,Corporate 'greenwashing' a major obstacle in climate change fight,David Ritter,"Thu, 16 Sep 2021 16:00:00 +1000"
 International doctors endure hardship in COVID Australia,International doctors endure hardship in COVID Australia,Habibur Rahman,"Thu, 16 Sep 2021 12:00:00 +1000"
 IA Book Club: Maria Taylor's 'Injustice',IA Book Club: Maria Taylor's 'Injustice',Revelly Robinson,"Fri, 17 Sep 2021 16:00:00 +1000"
 WHAT'S ON: Die in a Gunfight — zero bang for your buck,WHAT'S ON: Die in a Gunfight — zero bang for your buck,Dan Jensen,"Fri, 17 Sep 2021 17:00:00 +1000"
 Leigh Sales' bullying claims don't stack up,Leigh Sales' bullying claims don't stack up,Martin Hirst,"Fri, 17 Sep 2021 12:00:00 +1000"
 CARTOONS: Mark David leaves lockdown to the experts,CARTOONS: Mark David leaves lockdown to the experts,Mark David,"Fri, 17 Sep 2021 10:00:00 +1000"
 Nuclear white elephants: Australia’s new submarine deal,Nuclear white elephants: Australia’s new submarine deal,Binoy Kampmark,"Fri, 17 Sep 2021 08:00:00 +1000"
 Climate education is essential for a better future,Climate education is essential for a better future,Howard Morrison,"Sat, 18 Sep 2021 16:00:00 +1000"
 The Australian immigration prison system,The Australian immigration prison system,Lina Li,"Sat, 18 Sep 2021 12:00:00 +1000"
 Wren's Week: Gladys does the dash while Porter remains untouchable,Wren's Week: Gladys does the dash while Porter remains untouchable,John Wren,"Sat, 18 Sep 2021 08:00:00 +1000"
 IA Book Club: Long Half-life – The Nuclear Industry in Australia,IA Book Club: Long Half-life – The Nuclear Industry in Australia,Evan Jones,"Sun, 19 Sep 2021 13:00:00 +1000"
 Tudge sore over suggestion we question Anzac Day,Tudge sore over suggestion we question Anzac Day,Dechlan Brennan,"Sun, 19 Sep 2021 09:00:00 +1000"
" Leigh Sales, Twitter and the power of the mainstream media","Leigh Sales, Twitter and the power of the mainstream media",Victoria Fielding,"Mon, 20 Sep 2021 17:00:00 +1000"
 Submarine fiasco the latest in a long list of Coalition military failures,Submarine fiasco the latest in a long list of Coalition military failures,Alan Austin,"Mon, 20 Sep 2021 08:00:00 +1000"
 Temporary entrants in Australia: Who is left and what is to come,Temporary entrants in Australia: Who is left and what is to come,Abul Rizvi,"Mon, 20 Sep 2021 12:00:00 +1000"
 Nuclear sub plan sees Australia’s reputation take a dive,Nuclear sub plan sees Australia’s reputation take a dive,Dave Sweeney,"Mon, 20 Sep 2021 16:00:00 +1000"
 Flashback 2019: Like a fish out of water: Australia's submarine project is a flop,Flashback 2019: Like a fish out of water: Australia's submarine project is a flop,Binoy Kampmark,"Tue, 21 Sep 2021 17:00:00 +1000"
 Morrison Government setting Australia backward in women's rights,Morrison Government setting Australia backward in women's rights,Graham Perrett,"Tue, 21 Sep 2021 16:00:00 +1000"
 China and how America lost peer competition,China and how America lost peer competition,William Briggs,"Tue, 21 Sep 2021 12:00:00 +1000"
 Scott Morrison's devolution of democracy,Scott Morrison's devolution of democracy,Jennifer Wilson,"Tue, 21 Sep 2021 08:00:00 +1000"
 Bad politics and the death of tax reform,Bad politics and the death of tax reform,Ross Stitt,"Wed, 22 Sep 2021 16:00:00 +1000"
 Morrison Government re-election would be an environmental catastrophe,Morrison Government re-election would be an environmental catastrophe,Sue Arnold,"Wed, 22 Sep 2021 12:00:00 +1000"
 Unveiling T25: Telstra’s vision of its future,Unveiling T25: Telstra’s vision of its future,Paul Budde,"Wed, 22 Sep 2021 08:00:00 +1000"
 EDITORIAL: Christian Porter’s dark blind trust: Nothing to see here!,EDITORIAL: Christian Porter’s dark blind trust: Nothing to see here!,Michelle Pini,"Wed, 22 Sep 2021 18:30:00 +1000"
 Christian Porter’s dark blind trust: Nothing to see here!,Christian Porter’s dark blind trust: Nothing to see here!,Michelle Pini,"Thu, 23 Sep 2021 07:30:00 +1000"
 Melbourne anti-lockdown protests are a disorganised mess,Melbourne anti-lockdown protests are a disorganised mess,Tom Tanuki,"Thu, 23 Sep 2021 16:00:00 +1000"
 Bulldogs in the way of Demons ending curse,Bulldogs in the way of Demons ending curse,Ronny Lerner,"Thu, 23 Sep 2021 14:00:00 +1000"
 'Sub-standard': Submarine deal botched by Morrison and his cronies,'Sub-standard': Submarine deal botched by Morrison and his cronies,George Grundy,"Thu, 23 Sep 2021 12:00:00 +1000"
 Morrison Government sends Australia backward in women's rights,Morrison Government sends Australia backward in women's rights,Graham Perrett,"Tue, 21 Sep 2021 16:00:00 +1000"
 WHAT'S ON: Joe Bell — the long road to redemption,WHAT'S ON: Joe Bell — the long road to redemption,Dan Jensen,"Fri, 24 Sep 2021 16:00:00 +1000"
 Bridging visa boom sparks audit request,Bridging visa boom sparks audit request,Lina Li,"Fri, 24 Sep 2021 12:00:00 +1000"
 CARTOONS: Mark David goes 'sub-terranean',CARTOONS: Mark David goes 'sub-terranean',Mark David,"Fri, 24 Sep 2021 10:00:00 +1000"
" Frydenberg ignored advice on JobKeeper design flaw, Liberal member claims","Frydenberg ignored advice on JobKeeper design flaw, Liberal member claims",Hayden O'Connor,"Fri, 24 Sep 2021 08:00:00 +1000"
 Government needs to rethink its COVID-19 strategy,Government needs to rethink its COVID-19 strategy,Ted Christie,"Sat, 25 Sep 2021 12:00:00 +1000"
" Melbourne earthquake: Shaken, not stirred","Melbourne earthquake: Shaken, not stirred",Binoy Kampmark,"Sat, 25 Sep 2021 08:00:00 +1000"
 Morrison's 'sub-par' performance tanks Australia's national identity,Morrison's 'sub-par' performance tanks Australia's national identity,Peter Henning,"Sun, 26 Sep 2021 17:00:00 +1000"
 The value of a degrowth economy: Our planet would be richer for it,The value of a degrowth economy: Our planet would be richer for it,Erin Remblance,"Sun, 26 Sep 2021 13:00:00 +1000"
 U.S.-China talk could torpedo climate conference,U.S.-China talk could torpedo climate conference,Graeme McLeay,"Sun, 26 Sep 2021 09:00:00 +1000"
 Scott Morrison: What the bloody hell are you doing,Scott Morrison: What the bloody hell are you doing,Paul Begley,"Mon, 27 Sep 2021 16:00:00 +1000"
 The disadvantaged face the brunt of COVID-related hardship,The disadvantaged face the brunt of COVID-related hardship,Duncan Storrar,"Mon, 27 Sep 2021 12:00:00 +1000"
 Morrison and Frydenberg set multiple 'all-time worst' records on jobs,Morrison and Frydenberg set multiple 'all-time worst' records on jobs,Alan Austin,"Mon, 27 Sep 2021 08:00:00 +1000"
" Scott Morrison, what the bloody hell are you doing?","Scott Morrison, what the bloody hell are you doing?",Paul Begley,"Mon, 27 Sep 2021 16:00:00 +1000"
 National Party’s emission plan: No coal executive left behind,National Party’s emission plan: No coal executive left behind,Andrew P Street,"Tue, 28 Sep 2021 16:00:00 +1000"
 Mainstream media no friend to The New Liberals,Mainstream media no friend to The New Liberals,Victor Kline,"Tue, 28 Sep 2021 12:00:00 +1000"
 Outcome of 2020-21 Migration Program: Alex Hawke panics on immigration,Outcome of 2020-21 Migration Program: Alex Hawke panics on immigration,Abul Rizvi,"Tue, 28 Sep 2021 08:00:00 +1000"
 China makes progress in fight against climate change,China makes progress in fight against climate change,John Quiggin,"Wed, 29 Sep 2021 16:00:00 +1000"
 Flashback 2016: The conventional wisdom: Jeremy Corbyn and the ABC,Flashback 2016: The conventional wisdom: Jeremy Corbyn and the ABC,David Donovan,"Wed, 29 Sep 2021 17:00:00 +1000"
 Government's climate change web of lies,Government's climate change web of lies,Sue Arnold,"Wed, 29 Sep 2021 12:00:00 +1000"
 Artificial intelligence to better understand our world,Artificial intelligence to better understand our world,Paul Budde,"Wed, 29 Sep 2021 08:00:00 +1000"
 Morrison Government aspires to net zero — on climate action,Morrison Government aspires to net zero — on climate action,Michelle Pini,"Thu, 30 Sep 2021 08:00:00 +1000"
 WHAT'S ON: Squid Game — Netflix and kill,WHAT'S ON: Squid Game — Netflix and kill,Dan Jensen,"Thu, 30 Sep 2021 17:00:00 +1000"
 Australia's approval of gas projects lighting climate change fires,Australia's approval of gas projects lighting climate change fires,David Shearman,"Thu, 30 Sep 2021 12:00:00 +1000"
 Uncertainty looms for offshore visa holders,Uncertainty looms for offshore visa holders,Lina Li,"Thu, 30 Sep 2021 16:00:00 +1000"
 World Bank solution to Rohingya crisis comes with limitations,World Bank solution to Rohingya crisis comes with limitations,Kazi Jamshed,"Fri, 01 Oct 2021 17:00:00 +1000"
 BOOK REVIEW: The Accidental Prime Minister by Annika Smethurst,BOOK REVIEW: The Accidental Prime Minister by Annika Smethurst,Stephen Saunders,"Fri, 01 Oct 2021 16:00:00 +1000"
 The murderous plot against Julian Assange,The murderous plot against Julian Assange,John Jiggens,"Fri, 01 Oct 2021 12:00:00 +1000"
 CARTOONS: Mark David does diplomacy,CARTOONS: Mark David does diplomacy,Mark David,"Fri, 01 Oct 2021 10:00:00 +1000"
 From fascism to farce to the next election,From fascism to farce to the next election,Martin Hirst,"Fri, 01 Oct 2021 08:00:00 +1000"
 The risky business behind Morrison's submarine deal,The risky business behind Morrison's submarine deal,Lee Duffield,"Sat, 02 Oct 2021 16:00:00 +1000"
 Trevor St Baker and the latest push for nuclear energy,Trevor St Baker and the latest push for nuclear energy,David Paull,"Sat, 02 Oct 2021 12:00:00 +1000"
 Wren's Week: Scott Morrison is destroying Australia's future inside and out,Wren's Week: Scott Morrison is destroying Australia's future inside and out,None found,"Sat, 02 Oct 2021 08:00:00 +1000"
 Australia's music scene plunges deeper into poverty,Australia's music scene plunges deeper into poverty,Daniel Holmes,"Sun, 03 Oct 2021 16:00:00 +1000"
 IA Book Club: The Crime of Not Knowing Your Crime – Ric Throssell Against ASIO,IA Book Club: The Crime of Not Knowing Your Crime – Ric Throssell Against ASIO,Jim Kable,"Sun, 03 Oct 2021 12:00:00 +1000"
 Nurses in crisis under 'care-less' Coalition,Nurses in crisis under 'care-less' Coalition,Kylie Ward,"Sun, 03 Oct 2021 08:00:00 +1000"
" It's a pandemic, not Braveheart: 'Freedom day' complicates COVID fight","It's a pandemic, not Braveheart: 'Freedom day' complicates COVID fight",Victoria Fielding,"Mon, 04 Oct 2021 15:00:00 +1000"
" Berejiklian and Barilaro out, but let's not celebrate yet","Berejiklian and Barilaro out, but let's not celebrate yet",Jennifer Wilson,"Mon, 04 Oct 2021 13:00:00 +1000"
 The Australian 'police state' is nothing new,The Australian 'police state' is nothing new,Dechlan Brennan,"Mon, 04 Oct 2021 11:00:00 +1000"
 Frydenberg’s mental health accusations against Andrews exposed as baseless,Frydenberg’s mental health accusations against Andrews exposed as baseless,Alan Austin,"Mon, 04 Oct 2021 07:00:00 +1000"
 Outgoing NSW Premier Gladys 'The Great' Berejiklian joins 'Insniders',Outgoing NSW Premier Gladys 'The Great' Berejiklian joins 'Insniders',Michelle Pini,"Tue, 05 Oct 2021 08:00:00 +1000"
 Liberal Party trashing its own reputation,Liberal Party trashing its own reputation,Lee Duffield,"Tue, 05 Oct 2021 15:00:00 +1000"
 The Morrison clown show goes on,The Morrison clown show goes on,Lee Duffield,"Fri, 14 May 2021 16:30:00 +1000"
 We need to urgently talk about the nursing crisis in Australia,We need to urgently talk about the nursing crisis in Australia,Kylie Ward,"Sun, 03 Oct 2021 08:00:00 +1000"
 Partner visas the big winner in new Migration Program,Partner visas the big winner in new Migration Program,Lina Li,"Tue, 05 Oct 2021 11:00:00 +1000"
 NSW corruption: Gladys Berejiklian is just the beginning,NSW corruption: Gladys Berejiklian is just the beginning,Ross Jones,"Tue, 05 Oct 2021 07:00:00 +1000"
 Flashback 2019: Fires rage as Berejiklian ignores advice and decimates what's left,Flashback 2019: Fires rage as Berejiklian ignores advice and decimates what's left,Sue Arnold,"Wed, 06 Oct 2021 16:00:00 +1000"
 AUKUS nothing more than a re-election stunt,AUKUS nothing more than a re-election stunt,Geoff Davies,"Wed, 06 Oct 2021 15:00:00 +1000"
 The Coalition of climate criminals,The Coalition of climate criminals,Hannah Thomas,"Wed, 06 Oct 2021 11:00:00 +1000"
 Zuckerberg's metaverse comes with serious flaws,Zuckerberg's metaverse comes with serious flaws,Paul Budde,"Wed, 06 Oct 2021 07:00:00 +1000"
 Friendlyjordies and the NSW Government’s demise,Friendlyjordies and the NSW Government’s demise,Michelle Pini,"Thu, 07 Oct 2021 07:00:00 +1000"
 Conservatives like Tudge think they need history but not historians,Conservatives like Tudge think they need history but not historians,Paul Taucher,"Thu, 07 Oct 2021 15:00:00 +1000"
 WHAT'S ON: Boss Level — groundhog slay,WHAT'S ON: Boss Level — groundhog slay,Dan Jensen,"Thu, 07 Oct 2021 16:00:00 +1000"
" Under Morrison, Australia strives to be unincorporated territory of U.S.","Under Morrison, Australia strives to be unincorporated territory of U.S.",Peter Henning,"Thu, 07 Oct 2021 11:00:00 +1000"
 Morrison's AUKUS deal crippling foreign policy,Morrison's AUKUS deal crippling foreign policy,Paul Begley,"Fri, 08 Oct 2021 15:00:00 +1000"
 Berejiklian’s resignation ignites mainstream media lovefest,Berejiklian’s resignation ignites mainstream media lovefest,Hayden O'Connor,"Fri, 08 Oct 2021 07:00:00 +1000"
 LNP turmoil illuminates the power of institutional narratives,LNP turmoil illuminates the power of institutional narratives,Elroy Rosenberg,"Fri, 08 Oct 2021 11:00:00 +1000"
 CARTOONS: Mark David does a runner,CARTOONS: Mark David does a runner,Mark David,"Fri, 08 Oct 2021 09:00:00 +1000"
" The vaccination saga: Infections, hesitancy and inequality","The vaccination saga: Infections, hesitancy and inequality",Bilal Cleland,"Sat, 09 Oct 2021 15:00:00 +1000"
 IA Book Club: Two Revolutions and the Constitution,IA Book Club: Two Revolutions and the Constitution,Julie McNeill,"Sat, 09 Oct 2021 11:00:00 +1000"
 Fake vaccine passports making the pandemic more difficult,Fake vaccine passports making the pandemic more difficult,Tom Tanuki,"Sat, 09 Oct 2021 07:00:00 +1000"
 Coalition overreach: Twitter is not the problem,Coalition overreach: Twitter is not the problem,Martin Hirst,"Sun, 10 Oct 2021 08:00:00 +1000"
 Hitting the snooze button on Big Australia in the wake of COVID-19,Hitting the snooze button on Big Australia in the wake of COVID-19,Michael Bayliss,"Sun, 10 Oct 2021 16:00:00 +1000"
 Scotty from marketing sells the nation on Gladys' reputation,Scotty from marketing sells the nation on Gladys' reputation,Rocky Dabscheck,"Sun, 10 Oct 2021 12:00:00 +1000"
" Collaery's trial to be public, but it should be abandoned","Collaery's trial to be public, but it should be abandoned",Dechlan Brennan,"Mon, 11 Oct 2021 15:00:00 +1000"
 Australians must be wary of Trump's &quot;big lie&quot; infiltrating our politics,Australians must be wary of Trump's &amp;quot;big lie&amp;quot; infiltrating our politics,Sue Arnold,"Mon, 11 Oct 2021 11:00:00 +1000"
 Mainstream media ignore mental health data to denigrate Dan Andrews,Mainstream media ignore mental health data to denigrate Dan Andrews,Alan Austin,"Mon, 11 Oct 2021 07:00:00 +1000"
 Gun club grant rejected for years before Daryl Maguire involvement,Gun club grant rejected for years before Daryl Maguire involvement,Anthony Klan,"Tue, 12 Oct 2021 15:00:00 +1000"
 A brief history of the Coalition’s fake social media accounts,A brief history of the Coalition’s fake social media accounts,Andrew P Street,"Tue, 12 Oct 2021 07:00:00 +1000"
 China versus USA: The demographic dimensions,China versus USA: The demographic dimensions,Abul Rizvi,"Tue, 12 Oct 2021 11:00:00 +1000"
 On IA: Weekly recap — 13 October,On IA: Weekly recap — 13 October,Dan Jensen,"Wed, 13 Oct 2021 16:34:00 +1000"
 What living with COVID would really mean for Australia,What living with COVID would really mean for Australia,John Quiggin,"Wed, 13 Oct 2021 15:00:00 +1000"
 Coalition complacency worsened NSW COVID winter,Coalition complacency worsened NSW COVID winter,Lee Duffield,"Wed, 13 Oct 2021 11:00:00 +1000"
 Telehealth would improve Australia's mental health statistics,Telehealth would improve Australia's mental health statistics,Paul Budde,"Wed, 13 Oct 2021 07:00:00 +1000"
 How Murdoch manipulates the climate of Australian politics,How Murdoch manipulates the climate of Australian politics,Michelle Pini,"Thu, 14 Oct 2021 06:30:00 +1000"
" Flashback 2016: ICAC, Baird and corruption par excellence","Flashback 2016: ICAC, Baird and corruption par excellence",Evan Jones,"Thu, 14 Oct 2021 16:00:00 +1000"
 Lack of perspective on Taiwan-China tensions,Lack of perspective on Taiwan-China tensions,Darrell Egan,"Thu, 14 Oct 2021 15:00:00 +1000"
 How we are trying to buy an identity in capitalist economies,How we are trying to buy an identity in capitalist economies,Molly Richardson,"Thu, 14 Oct 2021 11:00:00 +1000"
 WHAT'S ON: Where To Invade Next — Moore ideas for a better world,WHAT'S ON: Where To Invade Next — Moore ideas for a better world,Dan Jensen,"Fri, 15 Oct 2021 16:00:00 +1000"
 Football season a big win despite pandemic fears,Football season a big win despite pandemic fears,Lee Duffield,"Fri, 15 Oct 2021 15:00:00 +1000"
" Pro-vax, pro-union, anti-fascist: Three things to be proud of","Pro-vax, pro-union, anti-fascist: Three things to be proud of",Martin Hirst,"Fri, 15 Oct 2021 11:00:00 +1000"
 EXCLUSIVE: Gun club financial report shows mystery grant 'costs',EXCLUSIVE: Gun club financial report shows mystery grant 'costs',Anthony Klan,"Fri, 15 Oct 2021 07:00:00 +1000"
 CARTOONS: Old King Coal is changing his tune,CARTOONS: Old King Coal is changing his tune,Mark David,"Fri, 15 Oct 2021 09:00:00 +1000"
 An open letter to Prime Minister Scott Morrison,An open letter to Prime Minister Scott Morrison,Graeme Doyle,"Sat, 16 Oct 2021 15:00:00 +1000"
 Grassroots campaign against Christian Porter grows,Grassroots campaign against Christian Porter grows,Emma Willson,"Sat, 16 Oct 2021 11:00:00 +1000"
 Skilling Australians Fund: A fee for no service,Skilling Australians Fund: A fee for no service,Lina Li,"Sat, 16 Oct 2021 07:00:00 +1000"
 Returning to the office post-COVID: It's not set in concrete,Returning to the office post-COVID: It's not set in concrete,Peter Fisher,"Sun, 17 Oct 2021 12:00:00 +1000"
 To improve mental health systems we must connect with their users,To improve mental health systems we must connect with their users,Fi Peel,"Sun, 17 Oct 2021 08:00:00 +1000"
 COVIDSafe app: Missing the mark Coalition-style,COVIDSafe app: Missing the mark Coalition-style,Binoy Kampmark,"Sun, 17 Oct 2021 16:00:00 +1000"
 Australians must be wary of Trump's 'big lie' infiltrating our politics,Australians must be wary of Trump's 'big lie' infiltrating our politics,Sue Arnold,"Mon, 11 Oct 2021 11:00:00 +1000"
 Media inequality shows Labor scandals covered more than Liberal,Media inequality shows Labor scandals covered more than Liberal,Victoria Fielding,"Mon, 18 Oct 2021 15:00:00 +1000"
 Billboard mocks Morrison as Australia prepares for COP26,Billboard mocks Morrison as Australia prepares for COP26,Binoy Kampmark,"Mon, 18 Oct 2021 11:00:00 +1000"
" Australia needs an ICAC, but also mandatory gaol sentences","Australia needs an ICAC, but also mandatory gaol sentences",Alan Austin,"Mon, 18 Oct 2021 07:00:00 +1000"
 Flashback 2015: Coal comfort: The atomic emasculation of Malcolm Turnbull,Flashback 2015: Coal comfort: The atomic emasculation of Malcolm Turnbull,David Donovan,"Tue, 19 Oct 2021 16:00:00 +1000"
 Transparency lacking in Australian defence policy,Transparency lacking in Australian defence policy,Sue Wareham,"Tue, 19 Oct 2021 15:00:00 +1000"
 Environment in peril as Premier urged to increase population,Environment in peril as Premier urged to increase population,Sue Arnold,"Tue, 19 Oct 2021 11:00:00 +1000"
 The people versus Scott Morrison,The people versus Scott Morrison,Jennifer Wilson,"Tue, 19 Oct 2021 07:00:00 +1000"
 Dominic Perrottet drawn into ICAC gun club scandal,Dominic Perrottet drawn into ICAC gun club scandal,Anthony Klan,"Wed, 20 Oct 2021 15:00:00 +1000"
 Indigenous communities suffering most from Australia's climate inaction,Indigenous communities suffering most from Australia's climate inaction,Joanna Psaros,"Wed, 20 Oct 2021 13:00:00 +1000"
" Government unaccountability: Over 1,000 days and counting","Government unaccountability: Over 1,000 days and counting",Daniel Holmes,"Wed, 20 Oct 2021 11:00:00 +1000"
 Using smart cities to protect democracy,Using smart cities to protect democracy,Paul Budde,"Wed, 20 Oct 2021 07:00:00 +1000"
 Medicare cuts prove the Coalition is bad for our health,Medicare cuts prove the Coalition is bad for our health,Michelle Pini,"Thu, 21 Oct 2021 07:00:00 +1000"
 WHAT'S ON: The Last Duel — #metoo goes medieval,WHAT'S ON: The Last Duel — #metoo goes medieval,Dan Jensen,"Thu, 21 Oct 2021 16:00:00 +1000"
" Despite royal family’s scandals, Australia is unlikely to ditch monarchy","Despite royal family’s scandals, Australia is unlikely to ditch monarchy",Hsin-Yi Lo,"Thu, 21 Oct 2021 15:00:00 +1000"
" Undeterred by pariah status, PM to wave 'green and gold' at Glasgow","Undeterred by pariah status, PM to wave 'green and gold' at Glasgow",Joel Jenkins,"Thu, 21 Oct 2021 11:00:00 +1000"
 UN and Bangladesh work together to protect the Rohingya people,UN and Bangladesh work together to protect the Rohingya people,Shaik Abdur Rahman,"Fri, 22 Oct 2021 15:00:00 +1000"
" Universities, governments and companies can help avert climate catastrophe","Universities, governments and companies can help avert climate catastrophe",David Ritter,"Fri, 22 Oct 2021 07:00:00 +1000"
 ABC showing Liberal bias in lockdown coverage,ABC showing Liberal bias in lockdown coverage,Hayden O'Connor,"Fri, 22 Oct 2021 11:00:00 +1000"
 CARTOONS: Mark David is checking the climate,CARTOONS: Mark David is checking the climate,Mark David,"Fri, 22 Oct 2021 09:00:00 +1000"
 Further details emerge as Premier Perrottet linked to ICAC gun club grant,Further details emerge as Premier Perrottet linked to ICAC gun club grant,Anthony Klan,"Sat, 23 Oct 2021 07:00:00 +1000"
 ON IA: BREAKING NEWS — Perrottet exclusive with Anthony Klan,ON IA: BREAKING NEWS — Perrottet exclusive with Anthony Klan,Michelle Pini,"Sat, 23 Oct 2021 10:00:00 +1000"
 Citizen journalism on the rise in Australian fringe politics,Citizen journalism on the rise in Australian fringe politics,Tom Tanuki,"Sat, 23 Oct 2021 15:00:00 +1000"
 Update of Australia’s biggest ever labour trafficking scam,Update of Australia’s biggest ever labour trafficking scam,Abul Rizvi,"Sat, 23 Oct 2021 11:00:00 +1000"
 'Death of a Whale: The Challenge of Anti-Whaling Activists and Indigenous Rights' — an excerpt,'Death of a Whale: The Challenge of Anti-Whaling Activists and Indigenous Rights' — an excerpt,Paul Watson,"Sun, 24 Oct 2021 08:00:00 +1000"
 Iconic Afghanistan: Life before war,Iconic Afghanistan: Life before war,"Thomas Parrish, Mark Parrish","Sun, 24 Oct 2021 12:00:00 +1000"
 IA Book Club: Confronting the global climate crisis,IA Book Club: Confronting the global climate crisis,Bob Ashcroft,"Sat, 23 Oct 2021 16:00:00 +1000"
 KERRYN PHELPS: Passing the COVID buck risks more than government reputations,KERRYN PHELPS: Passing the COVID buck risks more than government reputations,Professor Kerryn Phelps AM,"Mon, 25 Oct 2021 15:00:00 +1000"
 Tudge flags freedom of speech while whitewashing Australia's past,Tudge flags freedom of speech while whitewashing Australia's past,Dechlan Brennan,"Mon, 25 Oct 2021 14:00:00 +1000"
 The Liberals must call Nationals' bluff on climate,The Liberals must call Nationals' bluff on climate,Tim Thornton,"Mon, 25 Oct 2021 11:00:00 +1000"
" Australian economy languishes while Ireland, Singapore, NZ soar","Australian economy languishes while Ireland, Singapore, NZ soar",Alan Austin,"Mon, 25 Oct 2021 07:00:00 +1000"
 Telstra’s Digicel buy is politically motivated,Telstra’s Digicel buy is politically motivated,Paul Budde,"Tue, 26 Oct 2021 11:00:00 +1000"
 Flashback 2016: Whence the Commonweal: The rise of the dunces,Flashback 2016: Whence the Commonweal: The rise of the dunces,Evan Jones,"Tue, 26 Oct 2021 16:00:00 +1000"
 National Farmers Federation needs to embrace climate adaption,National Farmers Federation needs to embrace climate adaption,David Paull,"Tue, 26 Oct 2021 15:00:00 +1000"
 Nationals ridiculous net zero deal doesn't even matter,Nationals ridiculous net zero deal doesn't even matter,Andrew P Street,"Tue, 26 Oct 2021 07:00:00 +1000"
 EXCLUSIVE: European MPs explain their 'no' to Assange extradition,EXCLUSIVE: European MPs explain their 'no' to Assange extradition,Sara Chessa,"Wed, 27 Oct 2021 15:00:00 +1000"
 Boris Johnson fails to act despite damning COVID-19 report,Boris Johnson fails to act despite damning COVID-19 report,Steve Bishop,"Wed, 27 Oct 2021 11:00:00 +1000"
 The Goward's punch,The Goward's punch,Joel Jenkins,"Wed, 27 Oct 2021 07:00:00 +1000"
" The Plan: Winking, blinding and eye-watering Coalition negligence","The Plan: Winking, blinding and eye-watering Coalition negligence",Michelle Pini,"Thu, 28 Oct 2021 06:30:00 +1000"
" From climate to corruption, the Morrison Government needs to go","From climate to corruption, the Morrison Government needs to go",Graham Perrett,"Thu, 28 Oct 2021 16:00:00 +1000"
 Perrottet pushes mass migration harder than Morrison,Perrottet pushes mass migration harder than Morrison,Stephen Saunders,"Thu, 28 Oct 2021 15:00:00 +1000"
 EXCLUSIVE: Europe says 'No' to Assange extradition,EXCLUSIVE: Europe says 'No' to Assange extradition,Sara Chessa,"Wed, 27 Oct 2021 15:00:00 +1000"
 The time is now: Western Sahara must gain independence,The time is now: Western Sahara must gain independence,Kamal Fadel,"Thu, 28 Oct 2021 11:00:00 +1000"
 Labor needs to stand up,Labor needs to stand up,Dechlan Brennan,"Fri, 29 Oct 2021 15:00:00 +1000"
 Australia needs a federal human rights act,Australia needs a federal human rights act,Gerry Georgatos,"Fri, 29 Oct 2021 11:00:00 +1000"
 CARTOONS: Scotty's Claytons climate plan,CARTOONS: Scotty's Claytons climate plan,Mark David,"Fri, 29 Oct 2021 09:00:00 +1000"
 China may be Morrison's last hope for re-election,China may be Morrison's last hope for re-election,Paul Begley,"Fri, 29 Oct 2021 07:00:00 +1000"
 WHAT'S ON: Love You Like That — Cupid's arrow misses the mark,WHAT'S ON: Love You Like That — Cupid's arrow misses the mark,Dan Jensen,"Sat, 30 Oct 2021 15:00:00 +1000"
 Full employment not necessarily the holy grail in a flexible market economy,Full employment not necessarily the holy grail in a flexible market economy,Graham White,"Sat, 30 Oct 2021 11:30:00 +1000"
 U.S. appeal against Assange opens,U.S. appeal against Assange opens,Binoy Kampmark,"Sat, 30 Oct 2021 07:00:00 +1000"
" EXCLUSIVE: Lost for words, Dominique Grubisa resorts to plagiarism","EXCLUSIVE: Lost for words, Dominique Grubisa resorts to plagiarism",David Donovan,"Sun, 31 Oct 2021 15:00:00 +1000"
 Goward article galling,Goward article galling,Bilal Cleland,"Sun, 31 Oct 2021 08:00:00 +1000"
 Religious discrimination bill: The devil is in the details,Religious discrimination bill: The devil is in the details,Meredith Doig,"Sun, 31 Oct 2021 12:00:00 +1000"
 ON IA: Ask Dave — 1 November 2021,ON IA: Ask Dave — 1 November 2021,David Donovan,"Mon, 01 Nov 2021 16:00:00 +1000"
" It's not 'cancel culture', it's audience feedback","It's not 'cancel culture', it's audience feedback",Victoria Fielding,"Mon, 01 Nov 2021 15:00:00 +1000"
 American politics in a state of chaos,American politics in a state of chaos,George Grundy,"Mon, 01 Nov 2021 11:00:00 +1000"
 Morrison Government humiliates Australia at G20,Morrison Government humiliates Australia at G20,Alan Austin,"Mon, 01 Nov 2021 07:00:00 +1000"
 JOHN PILGER: Justice for Assange is justice for all,JOHN PILGER: Justice for Assange is justice for all,John Pilger,"Tue, 02 Nov 2021 16:00:00 +1000"
 COP26 omits biodiversity loss from agenda,COP26 omits biodiversity loss from agenda,Sue Arnold,"Tue, 02 Nov 2021 15:00:00 +1000"
 Assange appeal day two: The CIA and empty assurances,Assange appeal day two: The CIA and empty assurances,Binoy Kampmark,"Tue, 02 Nov 2021 12:00:00 +1000"
 Morrison gets cold reception at G20,Morrison gets cold reception at G20,Jennifer Wilson,"Tue, 02 Nov 2021 07:00:00 +1000"
 Flashback 2014: Arthur Sinodinos goes down the gurgler,Flashback 2014: Arthur Sinodinos goes down the gurgler,Ross Jones,"Wed, 03 Nov 2021 16:00:00 +1000"
 How Scott Morrison's climate action wishlist was cobbled together,How Scott Morrison's climate action wishlist was cobbled together,Steve Bishop,"Wed, 03 Nov 2021 15:00:00 +1000"
 New pathway to permanent migration encourages gaming of visa system,New pathway to permanent migration encourages gaming of visa system,Abul Rizvi,"Wed, 03 Nov 2021 11:00:00 +1000"
 Interplanetary internet: Communication out of this world,Interplanetary internet: Communication out of this world,Paul Budde,"Wed, 03 Nov 2021 07:00:00 +1000"
" Scott Morrison really should resign, oui?","Scott Morrison really should resign, oui?",David Donovan and Michelle Pini,"Thu, 04 Nov 2021 07:00:00 +1000"
 Morrison Government continues to trash Australia's reputation on climate,Morrison Government continues to trash Australia's reputation on climate,Graeme McLeay,"Thu, 04 Nov 2021 15:00:00 +1000"
 Federal Government prevents medical community from assisting refugees,Federal Government prevents medical community from assisting refugees,Nilanthy Vigneswaran,"Thu, 04 Nov 2021 11:00:00 +1000"
" WHAT'S ON: Eternals — big, bold and beautiful","WHAT'S ON: Eternals — big, bold and beautiful",Dan Jensen,"Thu, 04 Nov 2021 16:00:00 +1000"
" Australia must help Afghans deprived of lives, dreams and futures","Australia must help Afghans deprived of lives, dreams and futures",Nazdana Soltanfar,"Fri, 05 Nov 2021 15:00:00 +1000"
 Tim Smith and the death of political accountability,Tim Smith and the death of political accountability,Dechlan Brennan,"Fri, 05 Nov 2021 11:00:00 +1000"
 CARTOONS: Mark David is COP-ping it in Glasgow,CARTOONS: Mark David is COP-ping it in Glasgow,Mark David,"Fri, 05 Nov 2021 09:00:00 +1000"
" Twitter fights against Porter, van Onselen and Laming’s defamation threats","Twitter fights against Porter, van Onselen and Laming’s defamation threats",Hayden O'Connor,"Fri, 05 Nov 2021 07:00:00 +1000"
 Eddie Obeid is a symptom of a greater problem,Eddie Obeid is a symptom of a greater problem,Karl Fitzgerald,"Sat, 06 Nov 2021 15:00:00 +1000"
 Avi Yemini and his ilk are anything but journalists,Avi Yemini and his ilk are anything but journalists,Tom Tanuki,"Sat, 06 Nov 2021 11:00:00 +1000"
 EXCLUSIVE: ICAC gun club figures don't add up,EXCLUSIVE: ICAC gun club figures don't add up,Anthony Klan,"Sat, 06 Nov 2021 07:00:00 +1000"
 IA Book Club: 'Why You Should Give A F*ck About Farming',IA Book Club: 'Why You Should Give A F*ck About Farming',Revelly Robinson,"Sun, 07 Nov 2021 16:00:00 +1000"
 Facebook rebrand: Why Meta is not better,Facebook rebrand: Why Meta is not better,Brett Wilkins,"Sun, 07 Nov 2021 12:00:00 +1000"
 Last throw of the dice for Julian Assange,Last throw of the dice for Julian Assange,Ian Curr,"Sun, 07 Nov 2021 08:00:00 +1000"
 Dominic Perrotett set to prioritise 'family values' during his tenure,Dominic Perrotett set to prioritise 'family values' during his tenure,Joanna Psaros,"Mon, 08 Nov 2021 15:00:00 +1000"
 Alan Tudge opens his own Christian college,Alan Tudge opens his own Christian college,Rocky Dabscheck,"Mon, 08 Nov 2021 11:00:00 +1000"
 House prices skyrocket and social housing collapses under the Coalition,House prices skyrocket and social housing collapses under the Coalition,Alan Austin,"Mon, 08 Nov 2021 07:00:00 +1000"
 Flashback 2019: 10 reasons why Scott Morrison is actually a hypocrite,Flashback 2019: 10 reasons why Scott Morrison is actually a hypocrite,Michelle Pini,"Tue, 09 Nov 2021 16:00:00 +1000"
 Religious Freedom Bill is Morrison's re-election strategy,Religious Freedom Bill is Morrison's re-election strategy,Andrew P Street,"Tue, 09 Nov 2021 15:00:00 +1000"
 Scott Morrison: A lonely man with an empty plan,Scott Morrison: A lonely man with an empty plan,Joel Jenkins,"Tue, 09 Nov 2021 11:00:00 +1000"
 NSW ICAC renews urge for federal commission,NSW ICAC renews urge for federal commission,Matthew Butera,"Tue, 09 Nov 2021 07:00:00 +1000"
 WHAT'S ON: No Time To Die — a Bond farewell,WHAT'S ON: No Time To Die — a Bond farewell,Dan Jensen,"Wed, 10 Nov 2021 16:00:00 +1000"
 'Shady' Michael Sukkar is dodging accountability,'Shady' Michael Sukkar is dodging accountability,Kieran Simpson,"Wed, 10 Nov 2021 15:00:00 +1000"
 Scott Morrison wants to be Australia's Donald Trump,Scott Morrison wants to be Australia's Donald Trump,Paul Begley,"Wed, 10 Nov 2021 11:00:00 +1000"
 Cirque du Soleil explores VR and holoportation,Cirque du Soleil explores VR and holoportation,Paul Budde,"Wed, 10 Nov 2021 07:00:00 +1000"
" Kings of defamation: Porter, Laming, Barilaro, Dutton et al","Kings of defamation: Porter, Laming, Barilaro, Dutton e",Michelle Pini,"Thu, 11 Nov 2021 07:00:00 +1000"
 On IA: Weekly recap — 11 November 2021,On IA: Weekly recap — 11 November ,Dan Jensen,"Thu, 11 Nov 2021 16:00:00 +1000"
 New visa for migrant farm workers could turbocharge exploitation,New visa for migrant farm workers could turbocharge exploita,Abul Rizvi,"Thu, 11 Nov 2021 15:00:00 +1000"
 Wealthy nations like Australia are leading the world to climate catastrophe,Wealthy nations like Australia are leading the world to climate catastr,Hannah Thomas,"Thu, 11 Nov 2021 11:00:00 +1000"
 November is time for Australian republican remembering,November is time for Australian republican remembe,Glenn Davies,"Fri, 12 Nov 2021 15:00:00 +1000"
 Bernard Collaery's trial needs to remain open,Bernard Collaery's trial needs to remain ,Dechlan Brennan,"Fri, 12 Nov 2021 11:00:00 +1000"
 CARTOONS: Defamations R Us,CARTOONS: Defamations ,Mark David,"Fri, 12 Nov 2021 09:00:00 +1000"
 Twitter criticism is ruffling conservative feathers,Twitter criticism is ruffling conservative feat,Jennifer Wilson,"Fri, 12 Nov 2021 07:00:00 +1000"
 IA Book Club: 'Memoirs Of A Rebel — Black Market Shooting',IA Book Club: 'Memoirs Of A Rebel — Black Market Shoot,Lindy Kittel,"Sat, 13 Nov 2021 15:00:00 +1000"
 Farmers claim win over fossil fuel industry,Farmers claim win over fossil fuel indu,Johanna Evans,"Sat, 13 Nov 2021 11:00:00 +1000"
 EXCLUSIVE: Dominique Grubisa's dodgy debt department,EXCLUSIVE: Dominique Grubisa's dodgy debt depart,David Donovan,"Sat, 13 Nov 2021 07:00:00 +1000"
 Incarceration: How Australia fails its vulnerable,Incarceration: How Australia fails its vulner,Gerry Georgatos,"Sun, 14 Nov 2021 12:00:00 +1000"
 COVID-19 is a race and our children are left at the starting line,COVID-19 is a race and our children are left at the starting ,Natalie Beak,"Sun, 14 Nov 2021 08:00:00 +1000"
 Scott Morrison has mastered the art of lying,Scott Morrison has mastered the art of l,Binoy Kampmark,"Mon, 15 Nov 2021 15:00:00 +1000"
 Public inquiry is showing Australia’s unheard call for new foreign policy,Public inquiry is showing Australia’s unheard call for new foreign po,Kellie Tranter,"Mon, 15 Nov 2021 11:00:00 +1000"
 Living standards tumbling in Australia despite booming national wealth,Living standards tumbling in Australia despite booming national we,Alan Austin,"Mon, 15 Nov 2021 07:00:00 +1000"
 Flashback 2012: Prominent Liberal says Gillard should be kicked to death,Flashback 2012: Prominent Liberal says Gillard should be kicked to d,David Donovan,"Tue, 16 Nov 2021 16:00:00 +1000"
 ‘Glasgow Pact’ keeps pressure on climate laggards like Australia,‘Glasgow Pact’ keeps pressure on climate laggards like Austr,Michael Mazengarb,"Tue, 16 Nov 2021 15:00:00 +1000"
 Australian drug laws doing more harm than good,Australian drug laws doing more harm than ,David McIlveen,"Tue, 16 Nov 2021 11:00:00 +1000"
 Right-wing commentators turning journalism into public relations,Right-wing commentators turning journalism into public relat,Victoria Fielding,"Tue, 16 Nov 2021 07:00:00 +1000"
 EXCLUSIVE: ICAC gun club a failure prior to grant,EXCLUSIVE: ICAC gun club a failure prior to g,Anthony Klan,"Wed, 17 Nov 2021 15:00:00 +1000"
 WHAT'S ON: Last Night in Soho — a night you'll never forget,WHAT'S ON: Last Night in Soho — a night you'll never fo,Dan Jensen,"Wed, 17 Nov 2021 16:30:00 +1000"
 Labor possibly handing Morrison another election victory,Labor possibly handing Morrison another election vic,Paul Begley,"Wed, 17 Nov 2021 11:00:00 +1000"
 Labor’s NBN plan to reach 8 million households,Labor’s NBN plan to reach 8 million househ,Paul Budde,"Wed, 17 Nov 2021 07:00:00 +1000"
 Liberals incite Far-Right to lynch Andrews,Liberals incite Far-Right to lynch And,Michelle Pini,"Thu, 18 Nov 2021 07:00:00 +1000"
 The Far-Right in Melbourne presents a clear danger to democracy,The Far-Right in Melbourne presents a clear danger to democ,Martin Hirst,"Thu, 18 Nov 2021 11:00:00 +1000"
 Coalition provocation and silence fueling ugly Melbourne 'protests',Coalition provocation and silence fueling ugly Melbourne 'prote,Joel Jenkins,"Thu, 18 Nov 2021 15:00:00 +1000"
 Anti-vax rallies stink of Fraser Anning's populism,Anti-vax rallies stink of Fraser Anning's popu,Tom Tanuki,"Fri, 19 Nov 2021 15:00:00 +1000"
 Liberals and mainstream media encourage extremism,Liberals and mainstream media encourage extre,Hayden O'Connor,"Fri, 19 Nov 2021 11:00:00 +1000"
 CARTOONS: Mark David is selling the truth,CARTOONS: Mark David is selling the t,Mark David,"Fri, 19 Nov 2021 09:00:00 +1000"
 Scott Morrison is a threat to the Great Barrier Reef,Scott Morrison is a threat to the Great Barrier ,David Ritter,"Fri, 19 Nov 2021 07:00:00 +1000"
 Rohingya financial burden too great for Bangladesh,Rohingya financial burden too great for Bangla,Kazi Jamshed,"Sat, 20 Nov 2021 15:00:00 +1000"
 Angus Taylor admits emissions policy was misleading,Angus Taylor admits emissions policy was mislea,Michael Mazengarb,"Sat, 20 Nov 2021 11:00:00 +1000"
 Scotty the school captain is out of his depth,Scotty the school captain is out of his d,Sam Leckie,"Sat, 20 Nov 2021 07:00:00 +1000"
 One person's metaverse is another's dystopian reality,One person's metaverse is another's dystopian rea,Prabir Purkayastha,"Sun, 21 Nov 2021 12:00:00 +1000"
 Sex and disability: The right to intimate connection,Sex and disability: The right to intimate connec,Thea Calzoni,"Sun, 21 Nov 2021 08:00:00 +1000"
 How an influx of independents could change Parliament for the worse,How an influx of independents could change Parliament for the w,Kay Rollison,"Mon, 22 Nov 2021 15:00:00 +1000"
 Paul Keating slams Morrison's approach to Australia-China relations,Paul Keating slams Morrison's approach to Australia-China relat,Ian Curr,"Mon, 22 Nov 2021 11:00:00 +1000"
" Inflation worse under Coalition than Labor, contrary to Morrison's claims","Inflation worse under Coalition than Labor, contrary to Morrison's cl",Alan Austin,"Mon, 22 Nov 2021 07:00:00 +1000"
 Morrison braves the NSW Electoral Labyrinth Of Doom,Morrison braves the NSW Electoral Labyrinth Of ,Andrew P Street,"Tue, 23 Nov 2021 07:00:00 +1000"
 Australia’s weak labour market causes NZ migration slump,Australia’s weak labour market causes NZ migration s,Abul Rizvi,"Tue, 23 Nov 2021 15:00:00 +1000"
 Protests distract Government from climate crisis,Protests distract Government from climate cr,Sue Arnold,"Tue, 23 Nov 2021 11:00:00 +1000"
 Bloody Idiot of the Week — Episode 24: Would Scomocchio lie?,Bloody Idiot of the Week — Episode 24: Would Scomocchio ,David Donovan and Michelle Pini,"Wed, 24 Nov 2021 16:00:00 +1000"
 Conspiracy cults breeding terrorism through protests,Conspiracy cults breeding terrorism through prot,Bilal Cleland,"Wed, 24 Nov 2021 15:00:00 +1000"
 NBN remains a political football,NBN remains a political foot,Paul Budde,"Wed, 24 Nov 2021 07:00:00 +1000"
 Peaceful protesters reject Far-Right violence,Peaceful protesters reject Far-Right viol,Martin Hirst,"Wed, 24 Nov 2021 11:00:00 +1000"
 Morrison’s top 10 bare-faced lies,Morrison’s top 10 bare-faced ,Michelle Pini,"Thu, 25 Nov 2021 07:00:00 +1000"
 Don't punish the poor: Fines must be based on income,Don't punish the poor: Fines must be based on in,Gerry Georgatos,"Thu, 25 Nov 2021 11:00:00 +1000"
 Morrison Government mistakes ABC for a department it can control,Morrison Government mistakes ABC for a department it can con,Dechlan Brennan,"Thu, 25 Nov 2021 15:00:00 +1000"
 Flashback 2019: The blatant hypocrisy of Scott Morrison’s Christian faith,Flashback 2019: The blatant hypocrisy of Scott Morrison’s Christian f,Richard Tuffin,"Fri, 26 Nov 2021 15:00:00 +1000"
 Liberal Party's bloody history forgotten as Morrison cries freedom,Liberal Party's bloody history forgotten as Morrison cries fre,Lee Duffield,"Fri, 26 Nov 2021 12:00:00 +1000"
 CARTOONS: Mark David takes his message to the masses,CARTOONS: Mark David takes his message to the ma,Mark David,"Fri, 26 Nov 2021 09:00:00 +1000"
 Scott Morrison's Medusa complex,Scott Morrison's Medusa com,Geoff Dyer,"Fri, 26 Nov 2021 07:00:00 +1000"
 Corruption and extremism threaten government legitimacy,Corruption and extremism threaten government legiti,Bilal Cleland,"Sat, 27 Nov 2021 15:00:00 +1000"
 WHAT'S ON: The Wheel of Time — almost magical,WHAT'S ON: The Wheel of Time — almost mag,Dan Jensen,"Sat, 27 Nov 2021 11:00:00 +1000"
 Dutton commits to following U.S. into war for Taiwan,Dutton commits to following U.S. into war for Ta,Binoy Kampmark,"Sat, 27 Nov 2021 07:00:00 +1000"
 People living with disability have a dignified right to sex,People living with disability have a dignified right to,Graeme Sparkes,"Sun, 28 Nov 2021 16:00:00 +1000"
 Sexual abuse survival: How one woman's story helped heal another,Sexual abuse survival: How one woman's story helped heal ano,Jennifer Wilson,"Sun, 28 Nov 2021 12:00:00 +1000"
 Coalition derails Federal ICAC on technicality,Coalition derails Federal ICAC on technica,Ross Jones,"Sun, 28 Nov 2021 08:00:00 +1000"
 KERRYN PHELPS: Coalition threatened by Independent movement,KERRYN PHELPS: Coalition threatened by Independent move,Kerryn Phelps,"Mon, 29 Nov 2021 15:00:00 +1000"
 Coalition Government should've already closed our borders to Omicron,Coalition Government should've already closed our borders to Omi,Victoria Fielding,"Mon, 29 Nov 2021 11:00:00 +1000"
 Morrison Government notches up 40 'worst on record' economic outcomes,Morrison Government notches up 40 'worst on record' economic outc,Alan Austin,"Mon, 29 Nov 2021 07:00:00 +1000"
 Scott Morrison renews crackdown on social media users,Scott Morrison renews crackdown on social media u,Jennifer Wilson,"Tue, 30 Nov 2021 07:00:00 +1000"
 Alan Tudge disappoints with new education strategy,Alan Tudge disappoints with new education stra,Abul Rizvi,"Tue, 30 Nov 2021 15:00:00 +1000"
 Scott Morrison invents his own polygraph test,Scott Morrison invents his own polygraph ,Rocky Dabscheck,"Tue, 30 Nov 2021 11:00:00 +1000"
 China increases cyberwar tactics,China increases cyberwar tac,Paul Budde,"Wed, 01 Dec 2021 07:00:00 +1000"
 Federal insurance scheme needed to revitalise arts sector,Federal insurance scheme needed to revitalise arts se,Penelope Benton,"Wed, 01 Dec 2021 11:00:00 +1000"
 Detained refugees denied access to library services,Detained refugees denied access to library serv,Marlon Toner-McLachlan,"Wed, 01 Dec 2021 15:00:00 +1000"
 EDITORIAL: Morrison's sexual harassment dog act trolls women,EDITORIAL: Morrison's sexual harassment dog act trolls w,Michelle Pini,"Wed, 01 Dec 2021 18:30:00 +1000"
 Morrison's sexual harassment dog act trolls women,Morrison's sexual harassment dog act trolls w,Michelle Pini,"Thu, 02 Dec 2021 07:00:00 +1000"
 Flashback 2019: Normalising Scott Morrison,Flashback 2019: Normalising Scott Morr,Jennifer Wilson,"Thu, 02 Dec 2021 16:00:00 +1000"
 PM Morrison: The skipper who won't play with a straight bat,PM Morrison: The skipper who won't play with a straight,Geoff Dyer,"Thu, 02 Dec 2021 15:00:00 +1000"
 Blowing the whistle on umpire abuse,Blowing the whistle on umpire a,Vikki Watkins,"Thu, 02 Dec 2021 11:00:00 +1000"
 WHAT'S ON: Dune (part one) — spice up your life,WHAT'S ON: Dune (part one) — spice up your ,Dan Jensen,"Fri, 03 Dec 2021 15:00:00 +1000"
 Frydenberg admits to planning Bridget Archer ambush,Frydenberg admits to planning Bridget Archer am,Hayden O'Connor,"Fri, 03 Dec 2021 07:00:00 +1000"
 Pentagon to expand military presence in Australia against China,Pentagon to expand military presence in Australia against C,Binoy Kampmark,"Fri, 03 Dec 2021 11:00:00 +1000"
 CARTOONS: Omigod. Omicron!,CARTOONS: Omigod. Omic,Mark David,"Fri, 03 Dec 2021 09:00:00 +1000"
 All capitalism 'can do' is destroy our planet,All capitalism 'can do' is destroy our pl,William Briggs,"Sat, 04 Dec 2021 11:00:00 +1000"
 Pauline Hanson plunges anti-vax reputation even lower,Pauline Hanson plunges anti-vax reputation even l,Tom Tanuki,"Sat, 04 Dec 2021 07:00:00 +1000"
 America pays to oppose Argentine Packaging Law,America pays to oppose Argentine Packaging,Juan Grabois,"Sun, 05 Dec 2021 15:00:00 +1000"
 Sexual harassment in Tajikistan: It's rife and largely unchecked,Sexual harassment in Tajikistan: It's rife and largely unche,Johanna Higgs,"Sun, 05 Dec 2021 12:00:00 +1000"
 Why the Coalition must fund COVID treatment for the unvaccinated,Why the Coalition must fund COVID treatment for the unvaccin,"Francesco Paolucci, Marcello Antonini","Sun, 05 Dec 2021 08:00:00 +1000"
 Christian Porter and the unedifying end of a damaging political career,Christian Porter and the unedifying end of a damaging political ca,Dechlan Brennan,"Mon, 06 Dec 2021 15:00:00 +1000"
 Backing horses: Australia’s questionable Solomon Islands intervention,Backing horses: Australia’s questionable Solomon Islands interven,Binoy Kampmark,"Mon, 06 Dec 2021 11:00:00 +1000"
 Fact checking Frydenberg's flood of furphies and fabrications,Fact checking Frydenberg's flood of furphies and fabricat,Alan Austin,"Mon, 06 Dec 2021 07:00:00 +1000"
 Perrottet’s shock population plan to stuff the nation,Perrottet’s shock population plan to stuff the na,Sue Arnold,"Tue, 07 Dec 2021 15:00:00 +1000"
 Australia ready for battle against England in first Ashes Test,Australia ready for battle against England in first Ashes ,Ronny Lerner,"Tue, 07 Dec 2021 11:00:00 +1000"
" Liberal or Labor, News Corp will back the winning team","Liberal or Labor, News Corp will back the winning ",Andrew P Street,"Tue, 07 Dec 2021 07:00:00 +1000"
 Morrison backs Berejiklian for Warringah under cloud of corruption,Morrison backs Berejiklian for Warringah under cloud of corrup,Dechlan Brennan,"Wed, 08 Dec 2021 15:00:00 +1000"
 School safety neglected as COVID-19 infections rise,School safety neglected as COVID-19 infections ,Karen Armstrong,"Wed, 08 Dec 2021 11:00:00 +1000"
 Government failing in regional telecommunications,Government failing in regional telecommunicat,Paul Budde,"Wed, 08 Dec 2021 07:00:00 +1000"
 Another year of Coalition Government bites the toxic dust,Another year of Coalition Government bites the toxic ,Michelle Pini,"Thu, 09 Dec 2021 15:00:00 +1000"
 Flashback 2019: Kill Bill 4: Suffering under ScoMo,Flashback 2019: Kill Bill 4: Suffering under S,Michelle Pini,"Thu, 09 Dec 2021 16:00:00 +1000"
 The IPA rolls out ugly campaign against the ABC,The IPA rolls out ugly campaign against the,Anthony Klan,"Thu, 09 Dec 2021 07:00:00 +1000"
 Independents can revolutionise Australian politics,Independents can revolutionise Australian poli,Georgia Steele,"Thu, 09 Dec 2021 11:00:00 +1000"
 Liberal Party stalling in race to 2022 Election,Liberal Party stalling in race to 2022 Elec,Joel Jenkins,"Fri, 10 Dec 2021 15:00:00 +1000"
 Government hiding dark secrets of kangaroo industry,Government hiding dark secrets of kangaroo indu,Linda Paull,"Fri, 10 Dec 2021 11:00:00 +1000"
 CARTOONS: Mark David goes to Bathurst,CARTOONS: Mark David goes to Bath,Mark David,"Fri, 10 Dec 2021 09:00:00 +1000"
 Australia bows down to America for nuclear submarines,Australia bows down to America for nuclear submar,Lee Duffield,"Fri, 10 Dec 2021 07:00:00 +1000"
 Banking corruption continues despite parliamentary inquiries,Banking corruption continues despite parliamentary inqui,Evan Jones,"Sat, 11 Dec 2021 15:00:00 +1000"
 JOHN PILGER: U.S. wins extradition appeal against Julian Assange,JOHN PILGER: U.S. wins extradition appeal against Julian Ass,John Pilger,"Sat, 11 Dec 2021 12:30:00 +1000"
 New Caledonia to cast final vote on independence,New Caledonia to cast final vote on independ,Lee Duffield,"Sat, 11 Dec 2021 11:00:00 +1000"
 Beijing Olympics boycott is pointless,Beijing Olympics boycott is point,Binoy Kampmark,"Sat, 11 Dec 2021 07:00:00 +1000"
 'Travesty of justice': UK Court rules Assange can be extradited to U.S.,'Travesty of justice': UK Court rules Assange can be extradited to ,Sara Chessa,"Sun, 12 Dec 2021 16:00:00 +1000"
 Badfinger’s Straight Up album rocks 50 years later,Badfinger’s Straight Up album rocks 50 years l,Stephen Saunders,"Sun, 12 Dec 2021 12:00:00 +1000"
 Climate change must inform every financial decision,Climate change must inform every financial deci,Dali Sulejmani-Blackwell,"Sun, 12 Dec 2021 08:00:00 +1000"
 Neoliberal principles guide journalism in Australia,Neoliberal principles guide journalism in Austr,Victoria Fielding,"Mon, 13 Dec 2021 15:00:00 +1000"
 Julian Assange trial is political hypocrisy,Julian Assange trial is political hypoc,Kim Sawyer,"Mon, 13 Dec 2021 12:00:00 +1000"
 ABC’s Insiders doesn't serve its viewers or the nation,ABC’s Insiders doesn't serve its viewers or the na,Alan Austin,"Mon, 13 Dec 2021 07:00:00 +1000"
 Alex Antic a poster boy for Australia's Trumpists,Alex Antic a poster boy for Australia's Trump,Ross Jones,"Tue, 14 Dec 2021 15:00:00 +1000"
 Assange verdict demonstrates tight grip of U.S. legal system,Assange verdict demonstrates tight grip of U.S. legal sy,Binoy Kampmark,"Tue, 14 Dec 2021 16:00:00 +1000"
 Dutton defamation case an affront to free speech,Dutton defamation case an affront to free sp,Binoy Kampmark,"Tue, 14 Dec 2021 11:00:00 +1000"
 Scott Morrison's ego is killing democracy,Scott Morrison's ego is killing democ,Jennifer Wilson,"Tue, 14 Dec 2021 07:00:00 +1000"
 Mainstream media is Morrison Government's puppet,Mainstream media is Morrison Government's pu,Dechlan Brennan,"Wed, 15 Dec 2021 15:00:00 +1000"
 War against China: Sending our kids to the slaughter,War against China: Sending our kids to the slaug,Martin Pike,"Wed, 15 Dec 2021 11:00:00 +1000"
 Australia coming in hot to meet England in Adelaide,Australia coming in hot to meet England in Adel,Ronny Lerner,"Wed, 15 Dec 2021 09:00:00 +1000"
 Tony Abbott's NBN plan may have been a better option,Tony Abbott's NBN plan may have been a better op,Paul Budde,"Wed, 15 Dec 2021 07:00:00 +1000"
 Sage of Surfers Paradise predicts AusPol 2022: You won’t believe it!,Sage of Surfers Paradise predicts AusPol 2022: You won’t believe,Michelle Pini,"Thu, 16 Dec 2021 07:00:00 +1000"
 WHAT'S ON: Spider-Man: No Way Home — believe the hype,WHAT'S ON: Spider-Man: No Way Home — believe the ,Dan Jensen,"Thu, 16 Dec 2021 16:00:00 +1000"
 Labour trafficking of asylum seekers could resume in Australia,Labour trafficking of asylum seekers could resume in Austr,Abul Rizvi,"Thu, 16 Dec 2021 15:00:00 +1000"
" University of Sydney plans to cut courses, threatening education standards","University of Sydney plans to cut courses, threatening education stand",Daniel Gregory,"Thu, 16 Dec 2021 11:00:00 +1000"
 Coalition pumps more money into keeping Australia 'safe',Coalition pumps more money into keeping Australia 's,William Briggs,"Fri, 17 Dec 2021 15:00:00 +1000"
 Liberal Party in fear of Independents,Liberal Party in fear of Independ,Hayden O'Connor,"Fri, 17 Dec 2021 11:00:00 +1000"
 CARTOONS: Mark David makes a good Father Christmas,CARTOONS: Mark David makes a good Father Chris,Mark David,"Fri, 17 Dec 2021 09:00:00 +1000"
 Banks suspected in AGL's climate foul play,Banks suspected in AGL's climate foul ,David Ritter,"Fri, 17 Dec 2021 07:00:00 +1000"
 NSW Government slammed as COVID cases soar,NSW Government slammed as COVID cases ,Sue Arnold,"Sat, 18 Dec 2021 11:00:00 +1000"
 Treatment of asylum seekers is our national shame,Treatment of asylum seekers is our national s,Jane Salmon,"Sat, 18 Dec 2021 15:00:00 +1000"
 Anti-lockdown movement rolling over for UAP,Anti-lockdown movement rolling over for,Tom Tanuki,"Sat, 18 Dec 2021 07:00:00 +1000"
" IA BOOK CLUB: 'Country — Future Fire, Future Farming'","IA BOOK CLUB: 'Country — Future Fire, Future Farm",Dermot Daley,"Sun, 19 Dec 2021 12:00:00 +1000"
 Nothing but corruption and cruelty in the Coalition cupboard,Nothing but corruption and cruelty in the Coalition cupb,George Grundy,"Sun, 19 Dec 2021 08:00:00 +1000"
 KERRYN PHELPS: Perrottet congratulates NSW — condemns to COVID chaos,KERRYN PHELPS: Perrottet congratulates NSW — condemns to COVID c,Kerryn Phelps,"Mon, 20 Dec 2021 13:00:00 +1000"
" IA BOOK CLUB: 'Country — Future Fire, Future Farming', by Bill Gammage &amp; Bruce Pascoe","IA BOOK CLUB: 'Country — Future Fire, Future Farming', by Bill Gammage &amp; Bruce Pa",Dermot Daley,"Sun, 19 Dec 2021 12:00:00 +1000"
 On becoming Australian,On becoming Austra,Graham Perrett,"Mon, 20 Dec 2021 15:00:00 +1000"
 Immigration reform must respect migrants' rights and drive economic growth,Immigration reform must respect migrants' rights and drive economic gr,Abul Rizvi,"Mon, 20 Dec 2021 11:00:00 +1000"
 Latest Government report indicates record economic mismanagement,Latest Government report indicates record economic mismanage,Alan Austin,"Mon, 20 Dec 2021 07:00:00 +1000"
 Abscondment Day: A reminder of Morrison's uselessness,Abscondment Day: A reminder of Morrison's useless,Hannah Thomas,"Tue, 21 Dec 2021 16:00:00 +1000"
 Scott Morrison's 'let them eat coal' Party,Scott Morrison's 'let them eat coal' P,Geoff Dyer,"Tue, 21 Dec 2021 15:00:00 +1000"
 AUDIO EXCLUSIVE: Stun Grunt talks to RW emotional influencing guru in Vienna about 'R point',AUDIO EXCLUSIVE: Stun Grunt talks to RW emotional influencing guru in Vienna about 'R po,David Donovan,"Tue, 21 Dec 2021 11:00:00 +1000"
 Change in voting system might save us all,Change in voting system might save us,Andrew P Street,"Tue, 21 Dec 2021 07:00:00 +1000"
 Prime Minister Scott Morrespin joins Vial &amp; Crackie Oh on 1069 KRAS FM,Prime Minister Scott Morrespin joins Vial &amp; Crackie Oh on 1069 KRA,David Donovan and Michelle Pini,"Wed, 22 Dec 2021 15:30:00 +1000"
 Double standards: The UK-Australian Free Trade Agreement,Double standards: The UK-Australian Free Trade Agree,Binoy Kampmark,"Wed, 22 Dec 2021 16:00:00 +1000"
 Right-wing role models and guns are killing America,Right-wing role models and guns are killing Ame,Philip Farruggio,"Wed, 22 Dec 2021 15:00:00 +1000"
 Shootout at the COVID corral,Shootout at the COVID co,Rocky Dabscheck,"Wed, 22 Dec 2021 11:00:00 +1000"
 Quantum information and its relativity to the universe,Quantum information and its relativity to the univ,Paul Budde,"Wed, 22 Dec 2021 07:00:00 +1000"
" New religious laws set to ban Christmas, divorce, tattoos","New religious laws set to ban Christmas, divorce, tat",Frank Jordan,"Thu, 23 Dec 2021 11:00:00 +1000"
 WHAT'S ON: Matrix Resurrections — more sleeping pill than red pill,WHAT'S ON: Matrix Resurrections — more sleeping pill than red ,Dan Jensen,"Thu, 23 Dec 2021 15:00:00 +1000"
 CARTOONS: Boosters in time for Xmas 2022! Ho! Ho! Ho!,CARTOONS: Boosters in time for Xmas 2022! Ho! Ho!,Mark David,"Fri, 24 Dec 2021 16:00:00 +1000"
 #10 TOP IA STORY OF 2021: Australian Proud Boys on the hunt for social media commenters and the elderly,#10 TOP IA STORY OF 2021: Australian Proud Boys on the hunt for social media commenters and the eld,Tom Tanuki,"Mon, 27 Dec 2021 16:00:00 +1000"
 #9 TOP IA STORY OF 2021: Morrison's religious fundamentalism is railroading democracy,#9 TOP IA STORY OF 2021: Morrison's religious fundamentalism is railroading democ,Brian Morris,"Tue, 28 Dec 2021 14:00:00 +1000"
" #8 TOP STORY OF 2021:  Friendlyjordies, the MSM, ICAC and the demise of Gladys","#8 TOP STORY OF 2021:  Friendlyjordies, the MSM, ICAC and the demise of Gl",Michelle Pini,"Wed, 29 Dec 2021 14:00:00 +1000"
 #7 TOP STORY OF 2021: The night Porter and allegations of rape,#7 TOP STORY OF 2021: The night Porter and allegations of ,Tess Lawrence,"Thu, 30 Dec 2021 12:30:00 +1000"
 WHAT'S ON: Ghostbusters Afterlife — the legacy lives on,WHAT'S ON: Ghostbusters Afterlife — the legacy live,Dan Jensen,"Fri, 31 Dec 2021 16:00:00 +1000"
 #6 TOP STORY OF 2021: Avi Yemini and his fellow fascists are anything but journalists,#6 TOP STORY OF 2021: Avi Yemini and his fellow fascists are anything but journal,Tom Tanuki,"Fri, 31 Dec 2021 07:36:00 +1000"
" #5 TOP STORY OF 2021: Twitter fights against Porter, van Onselen and Laming’s defamation threats","#5 TOP STORY OF 2021: Twitter fights against Porter, van Onselen and Laming’s defamation thr",Hayden O'Connor,"Sat, 01 Jan 2022 13:00:00 +1000"
 The most depressing thing about 'Don’t Look Up' (isn’t what you think),The most depressing thing about 'Don’t Look Up' (isn’t what you th,Andrew P Street,"Sat, 01 Jan 2022 08:00:00 +1000"
 #4 TOP STORY OF 2021:  Friendlyjordies v John 'Call me Pork' Barilaro,#4 TOP STORY OF 2021:  Friendlyjordies v John 'Call me Pork' Bari,Michelle Pini,"Sun, 02 Jan 2022 14:00:00 +1000"
 #3 TOP STORY OF 2021: Alleged rape by Cabinet Minister deflected by Morrison Government,#3 TOP STORY OF 2021: Alleged rape by Cabinet Minister deflected by Morrison Govern,Dr Jennifer Wilson,"Mon, 03 Jan 2022 14:45:00 +1000"
 #2 TOP STORY OF 2021: No apology from Waleed Aly over controversial interview,#2 TOP STORY OF 2021: No apology from Waleed Aly over controversial inter,Thomas Bee,"Tue, 04 Jan 2022 14:30:00 +1000"
 Liberal Government turns its back on Australia's COVID crisis,Liberal Government turns its back on Australia's COVID cr,Geoff Dyer,"Tue, 04 Jan 2022 16:00:00 +1000"
 Great power rivalry: The Cold War returns,Great power rivalry: The Cold War ret,William Briggs,"Tue, 04 Jan 2022 15:30:00 +1000"
 Coalition lends voices of support for Assange,Coalition lends voices of support for Ass,Binoy Kampmark,"Tue, 04 Jan 2022 11:00:00 +1000"
 Morrison and Perrottet turn their backs on Australia's COVID crisis,Morrison and Perrottet turn their backs on Australia's COVID cr,Geoff Dyer,"Tue, 04 Jan 2022 16:00:00 +1000"
 F.I.N. won't take sides in fighting corruption,F.I.N. won't take sides in fighting corrup,Ross Jones,"Wed, 05 Jan 2022 15:00:00 +1000"
" No, Morrison can’t avoid going to an election (and other stories)","No, Morrison can’t avoid going to an election (and other stor",Andrew P Street,"Wed, 05 Jan 2022 11:00:00 +1000"
 How the Government could shape the 2022 digital economy,How the Government could shape the 2022 digital eco,Paul Budde,"Wed, 05 Jan 2022 09:00:00 +1000"
 #1 TOP STORY OF 2021: Dominic Perrottet drawn into ICAC gun club scandal,#1 TOP STORY OF 2021: Dominic Perrottet drawn into ICAC gun club sca,Anthony Klan,"Wed, 05 Jan 2022 07:00:00 +1000"
 FIN won't take sides in fighting corruption,FIN won't take sides in fighting corrup,Ross Jones,"Wed, 05 Jan 2022 15:00:00 +1000"
 State premiers (except NSW) defy Morrison's National Cabinet decision,State premiers (except NSW) defy Morrison's National Cabinet deci,Paul Begley,"Thu, 06 Jan 2022 13:00:00 +1000"
 Morrison Government threatens Australia's democracy,Morrison Government threatens Australia's democ,David Paull,"Thu, 06 Jan 2022 07:00:00 +1000"
 AUKUS alliance driving Assange to his death,AUKUS alliance driving Assange to his d,John Jiggens,"Thu, 06 Jan 2022 11:00:00 +1000"
 Kerryn Phelps' 'How to Keep Your Brain Young': A thinking person's guide,Kerryn Phelps' 'How to Keep Your Brain Young': A thinking person's g,Michelle Pini,"Thu, 06 Jan 2022 09:00:00 +1000"
 Government's COVID Christmas plan was capitalism at its worst,Government's COVID Christmas plan was capitalism at its w,Davey Heller,"Fri, 07 Jan 2022 15:00:00 +1000"
 Lessons for Australia from the Capitol attacks,Lessons for Australia from the Capitol att,David Muir,"Fri, 07 Jan 2022 11:00:00 +1000"
 CARTOONS: Fighting COVID the Coalition way,CARTOONS: Fighting COVID the Coalition,Mark David,"Fri, 07 Jan 2022 09:00:00 +1000"
 Time for a plebiscite on Big Australia,Time for a plebiscite on Big Austr,Simon Cole,"Fri, 07 Jan 2022 07:00:00 +1000"
 Djokovic unhappy but Australia's refugees face lifelong persecution,Djokovic unhappy but Australia's refugees face lifelong persecu,Marion Costello,"Sat, 08 Jan 2022 12:30:00 +1000"
 Government COVID response a series of policy failures,Government COVID response a series of policy fail,Kim Sawyer,"Sat, 08 Jan 2022 07:00:00 +1000"
 Highway robbery for Sydney's motorists,Highway robbery for Sydney's motor,Navishkar Ram,"Sat, 08 Jan 2022 15:00:00 +1000"
 Pandemic politics fuelling right-wing response,Pandemic politics fuelling right-wing resp,Bilal Cleland,"Sat, 08 Jan 2022 11:00:00 +1000"
 The centre shall not hold: Scott Ryan's 'Challenging Politics',The centre shall not hold: Scott Ryan's 'Challenging Polit,Dechlan Brennan,"Sun, 09 Jan 2022 12:00:00 +1000"
 Coalition misleads with claim financial watchdog works well,Coalition misleads with claim financial watchdog works ,Evan Jones,"Sun, 09 Jan 2022 08:00:00 +1000"
 Djokovic case makes Australia an international laughing stock,Djokovic case makes Australia an international laughing s,Abul Rizvi,"Mon, 10 Jan 2022 15:00:00 +1000"
 Which individual should we ignore? Phelps focuses on children's health,Which individual should we ignore? Phelps focuses on children's he,Kerryn Phelps,"Mon, 10 Jan 2022 16:00:00 +1000"
 Australian media must stand up for Assange's freedom,Australian media must stand up for Assange's fre,Matilda Duncan,"Mon, 10 Jan 2022 11:00:00 +1000"
 Debunking the myth that the Coalition are good economic managers,Debunking the myth that the Coalition are good economic mana,Alan Austin,"Mon, 10 Jan 2022 07:00:00 +1000"
 Rapid Antigen Test scandal reveals Morrison's cruelty,Rapid Antigen Test scandal reveals Morrison's cru,Jennifer Wilson,"Tue, 11 Jan 2022 15:00:00 +1000"
 How to discuss population growth without the racism,How to discuss population growth without the ra,Mark Allen,"Tue, 11 Jan 2022 16:00:00 +1000"
 Mainstream media applauds Morrison's 'let it rip' strategy,Mainstream media applauds Morrison's 'let it rip' stra,Victoria Fielding,"Tue, 11 Jan 2022 07:00:00 +1000"
 Djokovic saga highlights plight of refugees,Djokovic saga highlights plight of refu,Joy Miah,"Tue, 11 Jan 2022 11:00:00 +1000"
 Sundance accused of theft amid refund controversy,Sundance accused of theft amid refund controv,Dan Jensen,"Wed, 12 Jan 2022 16:00:00 +1000"
 Mainstream media attacks Sydney Festival boycott,Mainstream media attacks Sydney Festival boy,Dechlan Brennan,"Wed, 12 Jan 2022 15:00:00 +1000"
 Sir Tony Blair: Bloody Knight of the Realm,Sir Tony Blair: Bloody Knight of the R,Binoy Kampmark,"Wed, 12 Jan 2022 11:00:00 +1000"
 Starlink takes on NBN to improve Australian farming,Starlink takes on NBN to improve Australian far,Paul Budde,"Wed, 12 Jan 2022 07:00:00 +1000"
 Will we survive the Morrison Government?,Will we survive the Morrison Governm,Michelle Pini,"Thu, 13 Jan 2022 07:00:00 +1000"
 The year of the RAT: Morrison's failures clear for all to see,The year of the RAT: Morrison's failures clear for all to,Joel Jenkins,"Thu, 13 Jan 2022 15:00:00 +1000"
" One year on from 6 January, another 'coup' looms","One year on from 6 January, another 'coup' l",Phillip Farruggio,"Thu, 13 Jan 2022 11:00:00 +1000"
 Relocated Rohingyas finding a better life in Bhashan Char,Relocated Rohingyas finding a better life in Bhashan ,Shaik Abdur Rahman,"Fri, 14 Jan 2022 15:00:00 +1000"
 Australia's republic goal is getting closer,Australia's republic goal is getting cl,Glenn Davies,"Fri, 14 Jan 2022 11:00:00 +1000"
 CARTOONS: COVID testing is testing our patience,CARTOONS: COVID testing is testing our pati,Mark David,"Fri, 14 Jan 2022 09:00:00 +1000"
 Peter Dutton's hypocrisy reaches new low,Peter Dutton's hypocrisy reaches new,Hayden O'Connor,"Fri, 14 Jan 2022 07:00:00 +1000"
 Government greed is ruining our economy,Government greed is ruining our eco,Kyle Mervin,"Sat, 15 Jan 2022 15:00:00 +1000"
 Julian Assange: A thousand days in Belmarsh,Julian Assange: A thousand days in Belm,Binoy Kampmark,"Sat, 15 Jan 2022 11:00:00 +1000"
 Government has done more damage than anti-lockdown movement,Government has done more damage than anti-lockdown move,Tom Tanuki,"Sat, 15 Jan 2022 07:00:00 +1000"
 Julian Assange — a thousand days in Belmarsh,Julian Assange — a thousand days in Belm,Binoy Kampmark,"Sat, 15 Jan 2022 11:00:00 +1000"
 Djokovic v Home Affairs brings home cruel immigration policy,Djokovic v Home Affairs brings home cruel immigration po,George Newhouse,"Sun, 16 Jan 2022 13:30:00 +1000"
 Gang rape in Cambodia: A means of male bonding,Gang rape in Cambodia: A means of male bon,Johanna Higgs,"Sun, 16 Jan 2022 12:00:00 +1000"
 Appointment of Murdoch mate to top job raises eyebrows,Appointment of Murdoch mate to top job raises eyeb,Joel Jenkins,"Sun, 16 Jan 2022 08:00:00 +1000"
 How Scott Morrison lost three core voting blocs in a week,How Scott Morrison lost three core voting blocs in a ,Andrew P Streetf,"Mon, 17 Jan 2022 15:00:00 +1000"
 Indigenous Voice in the Constitution is the only meaningful option,Indigenous Voice in the Constitution is the only meaningful op,Ronahi Demirbag,"Mon, 17 Jan 2022 11:00:00 +1000"
 Australian Open opens up with Djokovic exit,Australian Open opens up with Djokovic ,Ronny Lerner,"Mon, 17 Jan 2022 08:30:00 +1000"
 Morrison Government records 50 worst economic outcomes,Morrison Government records 50 worst economic outc,Alan Austin,"Mon, 17 Jan 2022 07:00:00 +1000"
 Djokovic case shows Morrison weak on border control,Djokovic case shows Morrison weak on border con,Abul Rizvi,"Tue, 18 Jan 2022 15:00:00 +1000"
 PM doubles down on sending kids back to school,PM doubles down on sending kids back to sc,Natalie Beak,"Tue, 18 Jan 2022 16:00:00 +1000"
 Josh Frydenberg caught out in salary scandal,Josh Frydenberg caught out in salary sca,Anthony Klan,"Tue, 18 Jan 2022 07:00:00 +1000"
 KERRYN PHELPS: Deliberate COVID infections present extreme dangers,KERRYN PHELPS: Deliberate COVID infections present extreme dan,Kerryn Phelps,"Tue, 18 Jan 2022 11:00:00 +1000"
 Outrage over school COVID breeding grounds,Outrage over school COVID breeding gro,Marie Clark,"Wed, 19 Jan 2022 15:00:00 +1000"
 Peter Dutton's war machine cult,Peter Dutton's war machine ,Binoy Kampmark,"Wed, 19 Jan 2022 11:00:00 +1000"
 Year 2038: The day we run out of time,Year 2038: The day we run out of ,Paul Budde,"Wed, 19 Jan 2022 07:00:00 +1000"
 EXCLUSIVE: Morrison and Hunt's tricky denial of RAT requisitions,EXCLUSIVE: Morrison and Hunt's tricky denial of RAT requisit,Michelle Pini and David Donovan,"Thu, 20 Jan 2022 12:00:00 +1000"
 ANALYSIS: No Morrison test requisitioning? We smell a RAT,ANALYSIS: No Morrison test requisitioning? We smell a,David Donovan and Michelle Pini,"Thu, 20 Jan 2022 11:37:00 +1000"
 Cost of toll roads take Sydneysiders for a ride,Cost of toll roads take Sydneysiders for a ,Navishkar Ram,"Thu, 20 Jan 2022 15:00:00 +1000"
 Djokovic treatment 'drop in the ocean' compared to suffering of refugees,Djokovic treatment 'drop in the ocean' compared to suffering of refu,Nilanthy Vigneswaran,"Thu, 20 Jan 2022 07:00:00 +1000"
 Why 'The Company You Keep' matters,Why 'The Company You Keep' mat,Dan Jensen,"Fri, 21 Jan 2022 15:00:00 +1000"
 Preventing the COVID Apocalypse,Preventing the COVID Apocal,Geoff Dyer,"Fri, 21 Jan 2022 11:00:00 +1000"
 CARTOONS:  Community immunity partygoers practise for Darwin Awards,CARTOONS:  Community immunity partygoers practise for Darwin Aw,Mark David,"Fri, 21 Jan 2022 09:00:00 +1000"
 Scott Morrison: The Prime Minister of mad ideas,Scott Morrison: The Prime Minister of mad i,Paul Begley,"Fri, 21 Jan 2022 07:00:00 +1000"
 Australian visa program a human rights travesty,Australian visa program a human rights trav,Julius Timmerman,"Sat, 22 Jan 2022 15:00:00 +1000"
 Economy over health: Neoliberalism is destroying lives,Economy over health: Neoliberalism is destroying l,Lakeisha Watkins,"Sat, 22 Jan 2022 11:00:00 +1000"
 Treasury salary scandal deepens,Treasury salary scandal dee,Anthony Klan,"Sat, 22 Jan 2022 07:00:00 +1000"
 Ripped off: NDIS users failed by clueless Coalition,Ripped off: NDIS users failed by clueless Coali,Fi Peel,"Sun, 23 Jan 2022 15:00:00 +1000"
 Morrison silent while far-Right targets Indigenous communities,Morrison silent while far-Right targets Indigenous communi,Joel Jenkis,"Sun, 23 Jan 2022 08:00:00 +1000"
 Coalition caught napping: Ventilation key to curbing COVID,Coalition caught napping: Ventilation key to curbing C,Kim Sawyer,"Sun, 23 Jan 2022 12:00:00 +1000"
