 No locking down 'gold standard' Morrison: The fool on the Hill,No locking down 'gold standard' Morrison: The fool on the Hill,David Donovan and Michelle Pini,"Thu, 01 Jul 2021 08:00:00 +1000"
 #1 TOP IA STORY OF 2020: America could be heading towards a second civil war,#1 TOP IA STORY OF 2020: America could be heading towards a second civil war,Dr Martin Hirst,"Sun, 03 Jan 2021 15:30:00 +1000"
 #2 TOP IA STORY OF 2020: Telstra is going on to take the NBN monopoly,#2 TOP IA STORY OF 2020: Telstra is going on to take the NBN monopoly,Paul Budde,"Sun, 03 Jan 2021 14:00:00 +1000"
 Joe Biden criticised by Resistance over Iraq/Syria bombing,Joe Biden criticised by Resistance over Iraq/Syria bombing,Samuel Geddes,"Fri, 02 Jul 2021 16:30:00 +1000"
 Conservatives at war with Australian teacher education,Conservatives at war with Australian teacher education,A L Jones,"Fri, 02 Jul 2021 12:00:00 +1000"
" CARTOONS: Mark David's shiny, shiny standard","CARTOONS: Mark David's shiny, shiny standard",Mark David,"Fri, 02 Jul 2021 10:00:00 +1000"
 Scott Morrison's religious delusions are dangerous,Scott Morrison's religious delusions are dangerous,George Grundy,"Fri, 02 Jul 2021 08:00:00 +1000"
 ASIC fails to act in Westpac scandal,ASIC fails to act in Westpac scandal,Anthony Klan,"Thu, 01 Jul 2021 16:30:00 +1000"
 Asylum seekers: Locked up and let out without support,Asylum seekers: Locked up and let out without support,Sabrin Farooqui,"Sun, 20 Jun 2021 13:00:00 +1000"
 EXCLUSIVE: New Liberals lawyers to take on case against Christian Porter,EXCLUSIVE: New Liberals lawyers to take on case against Christian Porter,Victor Kline,"Wed, 30 Jun 2021 16:30:00 +1000"
 Scott Morrison will cling on till the bitter end,Scott Morrison will cling on till the bitter end,Martin Hirst,"Thu, 01 Jul 2021 12:00:00 +1000"
 Celebrating Julian Assange's 50th Birthday,Celebrating Julian Assange's 50th Birthday,John Jiggens,"Tue, 29 Jun 2021 20:00:00 +1000"
 Rape dossier release and  private criminal charges haunt Porter,Rape dossier release and  private criminal charges haunt Porter,Jennifer Wilson,"Tue, 29 Jun 2021 08:00:00 +1000"
 Federal Government's 'Intergenerational Report' based on a fallacy,Federal Government's 'Intergenerational Report' based on a fallacy,William Bourke,"Wed, 30 Jun 2021 12:00:00 +1000"
 Barnaby Joyce's 14 greatest achievements,Barnaby Joyce's 14 greatest achievements,Michelle Pini,"Thu, 24 Jun 2021 08:00:00 +1000"
 Technology changing human nature must be treated with caution,Technology changing human nature must be treated with caution,Paul Budde,"Wed, 30 Jun 2021 08:00:00 +1000"
 Courts' damning verdict on Coalition security adviser's loose use of the truth,Courts' damning verdict on Coalition security adviser's loose use of the truth,Brian Toohey,"Tue, 29 Jun 2021 16:30:00 +1000"
 The story Westpac and 'The Australian' didn't want you to see,The story Westpac and 'The Australian' didn't want you to see,Anthony Klan,"Sun, 27 Jun 2021 09:00:00 +1000"
 NIMBY name-calling by media poor form,NIMBY name-calling by media poor form,Dr Ted Christie,"Sun, 27 Jun 2021 13:00:00 +1000"
 Barnaby Joyce's sympathy for Biloela family a short-term deterrent,Barnaby Joyce's sympathy for Biloela family a short-term deterrent,Joanna Psaros,"Sun, 27 Jun 2021 16:30:00 +1000"
 Federal and NSW governments focus on spin instead of saving koalas,Federal and NSW governments focus on spin instead of saving koalas,Sue Arnold,"Mon, 28 Jun 2021 12:00:00 +1000"
 Liberal Party hurt electoral chances with Daniel Andrews conspiracy theory,Liberal Party hurt electoral chances with Daniel Andrews conspiracy theory,Hayden O'Connor,"Mon, 28 Jun 2021 16:30:00 +1000"
 How to build a strong Australian economy — swap Scott for Jacinda,How to build a strong Australian economy — swap Scott for Jacinda,Alan Austin,"Mon, 28 Jun 2021 08:00:00 +1000"
 Australia's collective voice should silence the 'drums of war',Australia's collective voice should silence the 'drums of war',Barbara Hartley,"Thu, 24 Jun 2021 12:00:00 +1000"
 The long path to healing for the women of Iraq,The long path to healing for the women of Iraq,Sara Chessa,"Sat, 26 Jun 2021 16:30:00 +1000"
 Solar industry frustrated by Sussan Ley's panel recycling scheme ultimatum,Solar industry frustrated by Sussan Ley's panel recycling scheme ultimatum,Sophie Vorrath,"Sat, 26 Jun 2021 12:00:00 +1000"
" Wren's Week: Morrison at G7, Barnaby's resurrection and NSW loses gold standard","Wren's Week: Morrison at G7, Barnaby's resurrection and NSW loses gold standard",John Wren,"Sat, 26 Jun 2021 08:00:00 +1000"
 5G could be a game changer — or simply a 4G upgrade,5G could be a game changer — or simply a 4G upgrade,Paul Budde,"Wed, 23 Jun 2021 08:00:00 +1000"
 'Fixated' Friendlyjordies case brings us closer to a police state,'Fixated' Friendlyjordies case brings us closer to a police state,Tom Tanuki,"Sat, 19 Jun 2021 08:00:00 +1000"
 Scott Morrison shifts vaccine rollout blame with planned PR strategy,Scott Morrison shifts vaccine rollout blame with planned PR strategy,Paul Begley,"Fri, 25 Jun 2021 16:30:00 +1000"
 Alan Tudge wants Singaporean education excellence on the cheap,Alan Tudge wants Singaporean education excellence on the cheap,A L Jones,"Fri, 25 Jun 2021 12:00:00 +1000"
" AUDIO EXCLUSIVE: ‘The Sun Rises’ interviews Mr Barilaro, Mr John Barilaro","AUDIO EXCLUSIVE: ‘The Sun Rises’ interviews Mr Barilaro, Mr John Barilaro",David Donovan and Michelle Pini,"Tue, 22 Jun 2021 12:00:00 +1000"
 CARTOONS: Backbench begone! Barnaby's back in!,CARTOONS: Backbench begone! Barnaby's back in!,Mark David,"Fri, 25 Jun 2021 10:00:00 +1000"
 Barnaby's back — and so are the climate wars,Barnaby's back — and so are the climate wars,Emma Dawson,"Fri, 25 Jun 2021 08:00:00 +1000"
 An open letter from Friendlyjordies producer Kristo Langker,An open letter from Friendlyjordies producer Kristo Langker,Kristo Langker,"Thu, 24 Jun 2021 16:30:00 +1000"
" We don't need CRT, but we need to think critically about race","We don't need CRT, but we need to think critically about race",John Quiggin,"Wed, 23 Jun 2021 16:30:00 +1000"
 Energy grid must be protected from climate change-related weather events,Energy grid must be protected from climate change-related weather events,Darren Edwards,"Wed, 23 Jun 2021 12:00:00 +1000"
 EXCLUSIVE: 'The Crime of Not Knowing Your Crime: Ric Throssell against ASIO' — an excerpt,EXCLUSIVE: 'The Crime of Not Knowing Your Crime: Ric Throssell against ASIO' — an excerpt,Karen Throssell,"Tue, 22 Jun 2021 16:30:00 +1000"
 Deputy PM Barnaby Joyce is perfect for Morrison Government's ethical vacuum,Deputy PM Barnaby Joyce is perfect for Morrison Government's ethical vacuum,Andrew P Street,"Mon, 21 Jun 2021 15:30:00 +1000"
 The Morrison Government's three big furphies on the Biloela family,The Morrison Government's three big furphies on the Biloela family,Abul Rizvi,"Tue, 22 Jun 2021 08:00:00 +1000"
 Fixing fixations by arresting Friendlyjordies' Kristo,Fixing fixations by arresting Friendlyjordies' Kristo,Michelle Pini and David Donovan,"Thu, 17 Jun 2021 08:00:00 +1000"
 Australian workers must stand in solidarity with Palestine,Australian workers must stand in solidarity with Palestine,Davey Heller,"Mon, 21 Jun 2021 12:00:00 +1000"
 Calls for Albanese to stand aside are unhelpful and futile,Calls for Albanese to stand aside are unhelpful and futile,Alan Austin,"Mon, 21 Jun 2021 08:00:00 +1000"
 Australia needs purpose-built quarantine facilities to stop COVID-19,Australia needs purpose-built quarantine facilities to stop COVID-19,Afzalur Rashid,"Sun, 20 Jun 2021 16:30:00 +1000"
 Sociopaths and why we elect them,Sociopaths and why we elect them,A L Jones,"Sun, 20 Jun 2021 09:00:00 +1000"
 Asia must follow Japan in fighting against Chinese regional aggression,Asia must follow Japan in fighting against Chinese regional aggression,Minho Lee,"Sat, 19 Jun 2021 16:30:00 +1000"
 The silent ghost killing our oceans,The silent ghost killing our oceans,Syeda Nabiha Wadood,"Sat, 19 Jun 2021 12:00:00 +1000"
 Democracy under attack,Democracy under attack,Bilal Cleland,"Fri, 18 Jun 2021 16:30:00 +1000"
 Unraveling the mystery behind the QAnon cult,Unraveling the mystery behind the QAnon cult,A L Jones,"Fri, 18 Jun 2021 12:00:00 +1000"
 CARTOONS: Mark David under-promises at G7,CARTOONS: Mark David under-promises at G7,Mark David,"Fri, 18 Jun 2021 10:00:00 +1000"
 Optus falling behind in renewable energy commitments,Optus falling behind in renewable energy commitments,David Ritter,"Fri, 18 Jun 2021 08:00:00 +1000"
" The G7, NATO and the demonising of China","The G7, NATO and the demonising of China",William Briggs,"Thu, 17 Jun 2021 16:30:00 +1000"
 A roadmap for a republic and other real reforms,A roadmap for a republic and other real reforms,David Muir,"Thu, 17 Jun 2021 12:00:00 +1000"
 The Liberal Party redefines scrutiny: No questions asked,The Liberal Party redefines scrutiny: No questions asked,Michelle Pini,"Thu, 10 Jun 2021 12:00:00 +1000"
 Media failed to accurately report on Afghanistan War for far too long,Media failed to accurately report on Afghanistan War for far too long,Branko Miletic,"Wed, 16 Jun 2021 16:30:00 +1000"
 Djokovic jumps into prime position for GOAT title,Djokovic jumps into prime position for GOAT title,Ronny Lerner,"Wed, 16 Jun 2021 14:00:00 +1000"
 Religious freedom laws have no place in modern Australia,Religious freedom laws have no place in modern Australia,Stuart Edser,"Wed, 16 Jun 2021 12:00:00 +1000"
 Robodebt and other Morrison Government abuses: That's who we are now,Robodebt and other Morrison Government abuses: That's who we are now,Jennifer Wilson,"Tue, 15 Jun 2021 08:00:00 +1000"
 Scott Morrison gained power through a lack of due diligence,Scott Morrison gained power through a lack of due diligence,Paul Begley,"Tue, 15 Jun 2021 16:30:00 +1000"
 NBN problems a result of Coalition Government's cost-cutting policies,NBN problems a result of Coalition Government's cost-cutting policies,Paul Budde,"Wed, 16 Jun 2021 08:00:00 +1000"
 'It’s time' — for another Labor split,'It’s time' — for another Labor split,Geoff Davies,"Mon, 14 Jun 2021 16:30:00 +1000"
 The Bureau of Statistics misleads Australians on the economy,The Bureau of Statistics misleads Australians on the economy,Alan Austin,"Mon, 14 Jun 2021 12:00:00 +1000"
 Palestinian hopes paralysed under new Israeli government,Palestinian hopes paralysed under new Israeli government,Ibrahim Natil,"Sun, 13 Jun 2021 13:00:00 +1000"
 The abuse of the Biloela family sinks to a new low,The abuse of the Biloela family sinks to a new low,Patrick Lukins,"Mon, 14 Jun 2021 08:00:00 +1000"
 Screen Themes: Nomadland is Easy Rider for the 2020s,Screen Themes: Nomadland is Easy Rider for the 2020s,John Turnbull,"Sun, 13 Jun 2021 17:00:00 +1000"
 AFP/FBI sting recalls history of criminal activity on our wharves,AFP/FBI sting recalls history of criminal activity on our wharves,Michael Tyquin,"Sun, 13 Jun 2021 08:00:00 +1000"
 Science has made the idea of 'race' non-existent,Science has made the idea of 'race' non-existent,A L Jones,"Sat, 12 Jun 2021 16:30:00 +1000"
 Biloela family at mercy of Government's border protection stubbornness,Biloela family at mercy of Government's border protection stubbornness,Abul Rizvi,"Sat, 12 Jun 2021 08:00:00 +1000"
 Wren's Week: Victorian Liberals hurl accusations to discredit Dan Andrews,Wren's Week: Victorian Liberals hurl accusations to discredit Dan Andrews,John Wren,"Sat, 12 Jun 2021 12:00:00 +1000"
 Mark McGowan's pandemic response needs to evolve,Mark McGowan's pandemic response needs to evolve,Susannah Nichols,"Fri, 11 Jun 2021 16:30:00 +1000"
 Viscount Christopher Monckton: Lord of the lies on climate change,Viscount Christopher Monckton: Lord of the lies on climate change,Steve Bishop,"Fri, 11 Jun 2021 08:00:00 +1000"
 CARTOONS: HMAS Hotel Quarantine in distress,CARTOONS: HMAS Hotel Quarantine in distress,Mark David,"Fri, 11 Jun 2021 10:00:00 +1000"
 Journalists responsible for Scott Morrison's lack of accountability,Journalists responsible for Scott Morrison's lack of accountability,Victoria Fielding,"Thu, 10 Jun 2021 16:30:00 +1000"
 Morrison’s vaccine rollout fail: Mates versus the states,Morrison’s vaccine rollout fail: Mates versus the states,Andrew P Street,"Tue, 08 Jun 2021 12:00:00 +1000"
 Shareholders could reap benefits of Morrison's Ampol bailout,Shareholders could reap benefits of Morrison's Ampol bailout,James Fernyhough,"Thu, 10 Jun 2021 08:00:00 +1000"
 Nuclear power is a stalking horse for gas,Nuclear power is a stalking horse for gas,John Quiggin,"Wed, 09 Jun 2021 16:30:00 +1000"
 Australia is in denial over one-way relationship with U.S.,Australia is in denial over one-way relationship with U.S.,Bruce Haigh,"Wed, 09 Jun 2021 12:00:00 +1000"
 Concerns about NBN 'overuse' highlight Coalition Government's failings,Concerns about NBN 'overuse' highlight Coalition Government's failings,Paul Budde,"Wed, 09 Jun 2021 08:00:00 +1000"
 An 'excess of democracy': How corporations killed the campus,An 'excess of democracy': How corporations killed the campus,A L Jones,"Mon, 07 Jun 2021 16:30:00 +1000"
 The Coalition's absurd and undemocratic war against the ABC,The Coalition's absurd and undemocratic war against the ABC,Emma Dawson,"Tue, 08 Jun 2021 15:30:00 +1000"
 EXCLUSIVE: Equifax jumps ship after Grubisa starts distressing Uncle Sam,EXCLUSIVE: Equifax jumps ship after Grubisa starts distressing Uncle Sam,David Donovan,"Sat, 05 Jun 2021 17:30:00 +1000"
 ABC News economics department shows incompetence with false information,ABC News economics department shows incompetence with false information,Alan Austin,"Tue, 08 Jun 2021 08:00:00 +1000"
 Incorrect ‘facts’ now emanate from Scott Morrison’s federal departments,Incorrect ‘facts’ now emanate from Scott Morrison’s federal departments,Alan Austin,"Mon, 07 Jun 2021 12:00:00 +1000"
 Australia's U.S. alliance is leading us down a path of war against China,Australia's U.S. alliance is leading us down a path of war against China,Cameron Leckie,"Mon, 07 Jun 2021 08:00:00 +1000"
 BOOK REVIEW: A Narrative Of Denial – Australia And The Indonesian Violation of East Timor,BOOK REVIEW: A Narrative Of Denial – Australia And The Indonesian Violation of East Timor,Peter Baker,"Sun, 06 Jun 2021 13:00:00 +1000"
 IPAN calls for a fossil-free future — not war,IPAN calls for a fossil-free future — not war,IPAN,"Sun, 06 Jun 2021 16:30:00 +1000"
 U.S. democracy at risk as Republicans condone Capitol riot,U.S. democracy at risk as Republicans condone Capitol riot,George Grundy,"Sun, 06 Jun 2021 09:00:00 +1000"
 EXCLUSIVE: Dominique Grubisa’s “asset protection”: How does she sleep?,EXCLUSIVE: Dominique Grubisa’s “asset protection”: How does she sleep?,David Donovan,"Fri, 28 May 2021 13:00:00 +1000"
 Grattan Institute's first report on skilled permanent migration like the curate's egg,Grattan Institute's first report on skilled permanent migration like the curate's egg,Abul Rizvi,"Sat, 05 Jun 2021 12:00:00 +1000"
 Police violence on the rise as officers abuse their rights,Police violence on the rise as officers abuse their rights,Tom Tanuki,"Sat, 05 Jun 2021 08:00:00 +1000"
 Healthcare system forcing chronic pain sufferers to struggle,Healthcare system forcing chronic pain sufferers to struggle,Maya Pilbrow,"Fri, 04 Jun 2021 16:30:00 +1000"
 Greens introduce new bill for transparency in greyhound racing industry,Greens introduce new bill for transparency in greyhound racing industry,Matilda Duncan,"Fri, 04 Jun 2021 12:00:00 +1000"
 CARTOONS: Mark David is a 'jack' of all trades,CARTOONS: Mark David is a 'jack' of all trades,Mark David,"Fri, 04 Jun 2021 10:00:00 +1000"
 Morrison Government needs to act on Japan's Fukushima waste decision,Morrison Government needs to act on Japan's Fukushima waste decision,Nullah Goodes,"Fri, 04 Jun 2021 08:00:00 +1000"
 Domestic violence against women escalating in Italy,Domestic violence against women escalating in Italy,Francesco Bertolucci,"Thu, 03 Jun 2021 16:30:00 +1000"
 IA's Dominique Grubisa investigation hits the mainstream,IA's Dominique Grubisa investigation hits the mainstream,David Donovan,"Thu, 03 Jun 2021 08:00:00 +1000"
 Government spins and fiddles with ideology as the pandemic crisis worsens,Government spins and fiddles with ideology as the pandemic crisis worsens,Lee Duffield,"Thu, 03 Jun 2021 12:00:00 +1000"
 Military a winner in Biden's Budget,Military a winner in Biden's Budget,William Briggs,"Wed, 02 Jun 2021 16:30:00 +1000"
 Australia's nuclear waste policy shambles,Australia's nuclear waste policy shambles,Noel Wauchope,"Wed, 02 Jun 2021 12:00:00 +1000"
 Another gross failure: Australia trails on electric vehicle uptake,Another gross failure: Australia trails on electric vehicle uptake,Paul Budde,"Wed, 02 Jun 2021 08:00:00 +1000"
" Queensland: Beautiful one day, gone the next","Queensland: Beautiful one day, gone the next",Todd Green,"Sat, 03 Jul 2021 12:00:00 +1000"
 Pandemic activists have saved more lives than Government,Pandemic activists have saved more lives than Government,Tom Tanuki,"Sat, 03 Jul 2021 08:00:00 +1000"
 Conspiracy theories and religion invade political mainstream,Conspiracy theories and religion invade political mainstream,Bilal Cleland,"Sat, 03 Jul 2021 16:30:00 +1000"
 Gutless government abandons asylum seekers,Gutless government abandons asylum seekers,Kristin Perissinotto,"Sun, 04 Jul 2021 17:00:00 +1000"
 Australia's Family Court system failing to protect children,Australia's Family Court system failing to protect children,Anonymous,"Sun, 04 Jul 2021 13:00:00 +1000"
 Superannuation body reports win despite Westpac gouging,Superannuation body reports win despite Westpac gouging,Anthony Klan,"Sun, 04 Jul 2021 08:00:00 +1000"
 Australians do not want to go to war with China,Australians do not want to go to war with China,Sam Brennan,"Mon, 05 Jul 2021 16:30:00 +1000"
 Climate change threatens the lives of people with disabilities,Climate change threatens the lives of people with disabilities,Eleanor Beidatsch,"Mon, 05 Jul 2021 12:00:00 +1000"
 Reserve Bank of Australia spruiks the Coalition with false information,Reserve Bank of Australia spruiks the Coalition with false information,Alan Austin,"Mon, 05 Jul 2021 08:00:00 +1000"
 Julia Banks’ allegations reveal sexism still rife within Liberal Party,Julia Banks’ allegations reveal sexism still rife within Liberal Party,Hayden O'Connor,"Tue, 06 Jul 2021 08:00:00 +1000"
 BOOK REVIEW: How to improve Australia’s Democracy – Breaking the Vicious Cycle!,BOOK REVIEW: How to improve Australia’s Democracy – Breaking the Vicious Cycle!,Cameron Daly,"Sun, 23 May 2021 13:00:00 +1000"
 The secret life of Bob Hawke: U.S. informant,The secret life of Bob Hawke: U.S. informant,A L Jones,"Tue, 06 Jul 2021 16:30:00 +1000"
 Morrison Government koala extinction policies exposed,Morrison Government koala extinction policies exposed,Sue Arnold,"Tue, 06 Jul 2021 12:00:00 +1000"
 Christian Porter: Plausibility versus deniability,Christian Porter: Plausibility versus deniability,Andrew P Street,"Wed, 07 Jul 2021 16:30:00 +1000"
 Australia in 2021: A nation or a set of fractious states,Australia in 2021: A nation or a set of fractious states,John Quiggin,"Wed, 07 Jul 2021 12:00:00 +1000"
 ACCC declares mobile market less competitive,ACCC declares mobile market less competitive,Paul Budde,"Wed, 07 Jul 2021 08:00:00 +1000"
 'Hunger Games' Coalition edition: Birmingham pushes for more pulled pork,'Hunger Games' Coalition edition: Birmingham pushes for more pulled pork,Michelle Pini,"Thu, 08 Jul 2021 08:00:00 +1000"
 An AFL culture review is needed to 'kick out' unethical practices,An AFL culture review is needed to 'kick out' unethical practices,Pierce Field,"Thu, 08 Jul 2021 12:00:00 +1000"
 Toondah poll details kept secret as State ALP opposes town in marine park,Toondah poll details kept secret as State ALP opposes town in marine park,Steve Bishop,"Thu, 08 Jul 2021 16:30:00 +1000"
 MOVIE OF THE WEEK: Black Widow — sisters are doing it for themselves,MOVIE OF THE WEEK: Black Widow — sisters are doing it for themselves,Dan Jensen,"Thu, 08 Jul 2021 14:00:00 +1000"
 Victorian council fails to protect child in parental dispute,Victorian council fails to protect child in parental dispute,Sara Chessa,"Fri, 09 Jul 2021 16:30:00 +1000"
 Scott Morrison's magnificent four-phase plan,Scott Morrison's magnificent four-phase plan,Rocky Dabscheck,"Fri, 09 Jul 2021 12:00:00 +1000"
" CARTOONS: Sex scandals, sports rorts and more pork on your federal fork!","CARTOONS: Sex scandals, sports rorts and more pork on your federal fork!",Mark David,"Fri, 09 Jul 2021 10:00:00 +1000"
 Josh Frydenberg: The mathematically challenged Treasurer,Josh Frydenberg: The mathematically challenged Treasurer,John Haly,"Fri, 09 Jul 2021 08:00:00 +1000"
 Federal Court finds Sussan Ley owes duty of care,Federal Court finds Sussan Ley owes duty of care,Michael Mazengarb,"Sat, 10 Jul 2021 12:00:00 +1000"
 NSW mental health crisis grows while Berejiklian plays blame game,NSW mental health crisis grows while Berejiklian plays blame game,Fi Peel,"Sat, 10 Jul 2021 16:30:00 +1000"
 Wren's Week: Liberal Government to blame for NSW lockdown failure,Wren's Week: Liberal Government to blame for NSW lockdown failure,John Wren,"Sat, 10 Jul 2021 08:00:00 +1000"
 Australian Republic Movement on track for reform,Australian Republic Movement on track for reform,Glenn Davies,"Sun, 11 Jul 2021 17:00:00 +1000"
 Campaign to save Queensland Uni's union complex cuts through,Campaign to save Queensland Uni's union complex cuts through,Lee Duffield,"Sun, 11 Jul 2021 13:00:00 +1000"
 Government response to pandemic has divided the nation,Government response to pandemic has divided the nation,Emma Dawson,"Sun, 11 Jul 2021 08:00:00 +1000"
